SongID,Performer.x,Song.x,spotify_genre,spotify_track_id,spotify_track_preview_url,spotify_track_album,spotify_track_explicit,spotify_track_duration_ms,spotify_track_popularity,danceability,energy,key,loudness,mode,speechiness,acousticness,instrumentalness,liveness,valence,tempo,time_signature,url,WeekID,Week.Position,Song.y,Performer.y,Instance,Previous.Week.Position,Peak.Position,Weeks.on.Chart,genrez,date2,year,month,rock_genrez,weeks_chart,position_peak,year2,weeks_chart2,position_peak2,performer,song
She's Got A WayBilly Joel,Billy Joel,She's Got A Way,"['album rock', 'classic rock', 'folk rock', 'mellow gold', 'piano rock', 'rock', 'singer-songwriter', 'soft rock']",3Ie2eLOIj2IhKnzPwXrLbJ,https://p.scdn.co/mp3-preview/044e917c126360a598b7818d9078e81fdac85d45?cid=b8d3901151d34489a160e3cf0ab1fa94,Cold Spring Harbor,FALSE,169226,50,0.495,0.142,11,-16.186,0,0.0436,0.97,1.93e-6,0.113,0.196,75.859,4,http://www.billboard.com/charts/hot-100/1982-02-13,2/13/1982,84,She's Got A Way,Billy Joel,1,38,23,13,rock,1982-02-13,1982,2,classic,13,23,1982,13,23,Billy Joel,She's Got A Way
If Something Should HappenDarryl Worley,Darryl Worley,If Something Should Happen,"['contemporary country', 'country', 'country road', 'modern country rock']",28ZUoSyOdNswEdokyJs07B,NA,Darryl Worley,FALSE,279560,47,0.55,0.594,4,-8.51,1,0.0374,0.251,1.07e-6,0.0677,0.282,159.091,4,http://www.billboard.com/charts/hot-100/2005-07-09,7/9/2005,75,If Something Should Happen,Darryl Worley,1,81,75,7,rock,2005-07-09,2005,7,country rock,7,75,2005,7,75,Darryl Worley,If Something Should Happen
Street Corner SerenadeWet Willie,Wet Willie,Street Corner Serenade,"['classic rock', 'country rock', 'southern rock']",1EI0x3yv1P5AQSq3WaZ6cv,https://p.scdn.co/mp3-preview/14165603582539dbba79804b78f37972a0482d68?cid=b8d3901151d34489a160e3cf0ab1fa94,Manorisms,FALSE,294280,23,0.758,0.623,11,-10.615,1,0.0443,0.139,0.0468,0.169,0.964,122.351,4,http://www.billboard.com/charts/hot-100/1978-02-11,2/11/1978,31,Street Corner Serenade,Wet Willie,1,34,31,11,rock,1978-02-11,1978,2,classic,11,31,1978,11,31,Wet Willie,Street Corner Serenade
Ticket To RideThe Beatles,The Beatles,Ticket To Ride,"['british invasion', 'merseybeat', 'psychedelic rock', 'rock']",7CZiDzGVjUssMSOXrDNYHL,NA,Help! (Remastered),FALSE,189680,67,0.519,0.85,9,-6.777,1,0.0678,0.0457,0,0.233,0.749,123.419,4,http://www.billboard.com/charts/hot-100/1965-07-03,7/3/1965,47,Ticket To Ride,The Beatles,1,20,1,11,rock,1965-07-03,1965,7,british,11,1,1965,11,1,The Beatles,Ticket To Ride
Marry MeThomas Rhett,Thomas Rhett,Marry Me,"['contemporary country', 'country', 'country road', 'modern country rock']",0OWZFobGSIW9GrSlQ9C5pc,NA,Life Changes,FALSE,205453,71,0.588,0.408,3,-8.662,1,0.0237,0.113,0,0.13,0.484,85.008,4,https://www.billboard.com/charts/hot-100/2018-04-14,4/14/2018,44,Marry Me,Thomas Rhett,1,35,30,17,rock,2018-04-14,2018,4,country rock,17,30,2018,17,30,Thomas Rhett,Marry Me
A Heart In New YorkArt Garfunkel,Art Garfunkel,A Heart In New York,"['adult standards', 'folk', 'folk rock', 'mellow gold', 'soft rock', 'traditional folk']",05iPg44iQftuEjHXoXAlvT,https://p.scdn.co/mp3-preview/68da5b618500642692820d2c389be2b1af0208fc?cid=b8d3901151d34489a160e3cf0ab1fa94,Scissors Cut,FALSE,191800,44,0.435,0.207,2,-18.939,0,0.034,0.831,0.00478,0.306,0.429,95.918,4,http://www.billboard.com/charts/hot-100/1981-10-03,10/3/1981,99,A Heart In New York,Art Garfunkel,1,91,66,9,rock,1981-10-03,1981,10,soft rock,9,66,1981,9,66,Art Garfunkel,A Heart In New York
Hold The LineToto,Toto,Hold The Line,"['album rock', 'mellow gold', 'rock', 'soft rock', 'yacht rock']",4aVuWgvD0X63hcOCnZtNFA,https://p.scdn.co/mp3-preview/3f451d46def07f436729cd5b48d7d88a7d48dc4d?cid=b8d3901151d34489a160e3cf0ab1fa94,Toto,FALSE,235800,76,0.494,0.698,6,-12.049,0,0.0553,0.0397,0.00634,0.152,0.778,95.842,4,http://www.billboard.com/charts/hot-100/1978-12-23,12/23/1978,10,Hold The Line,Toto,1,13,10,12,rock,1978-12-23,1978,12,soft rock,12,10,1978,12,10,Toto,Hold The Line
(Just Like) Starting OverJohn Lennon,John Lennon,(Just Like) Starting Over,"['album rock', 'classic rock', 'folk rock', 'mellow gold', 'rock']",5y0YreEOnQiKFAnCrcFIXz,NA,Double Fantasy Stripped Down,FALSE,236546,57,0.701,0.79,9,-6.16,1,0.0725,0.301,6.06e-5,0.179,0.421,99.104,4,http://www.billboard.com/charts/hot-100/1981-01-03,1/3/1981,1,(Just Like) Starting Over,John Lennon,1,1,1,10,rock,1981-01-03,1981,1,classic,10,1,1981,10,1,John Lennon,(Just Like) Starting Over
BotherStone Sour,Stone Sour,Bother,"['alternative metal', 'groove metal', 'nu metal', 'post-grunge', 'rock']",0AfIsqZ4gTUg9CwwW2jLeK,https://p.scdn.co/mp3-preview/b77bf522156b564ac3d890bd4ac496b8087b26fd?cid=b8d3901151d34489a160e3cf0ab1fa94,Stone Sour,TRUE,240400,67,0.272,0.281,1,-7.634,1,0.0287,0.388,2.29e-5,0.158,0.141,89.914,4,http://www.billboard.com/charts/hot-100/2002-12-14,12/14/2002,72,Bother,Stone Sour,1,56,56,7,rock,2002-12-14,2002,12,metal,7,56,2002,7,56,Stone Sour,Bother
A Whole New World (Aladdin's Theme)Peabo Bryson & Regina Belle,Peabo Bryson & Regina Belle,A Whole New World (Aladdin's Theme),"['adult standards', 'new jack swing', 'quiet storm', 'soft rock', 'urban contemporary']",4tS8xQfyPGc7f4lJ1JP6BX,https://p.scdn.co/mp3-preview/61dea0c7fc0a43ae96c9712e2d4a12260ca0be7d?cid=b8d3901151d34489a160e3cf0ab1fa94,Passion,FALSE,243493,64,0.516,0.32,2,-10.487,1,0.0303,0.627,0,0.144,0.131,107.894,4,http://www.billboard.com/charts/hot-100/1993-04-10,4/10/1993,19,A Whole New World (Aladdin's Theme),Peabo Bryson & Regina Belle,1,12,1,17,rock,1993-04-10,1993,4,soft rock,17,1,1993,17,1,Peabo Bryson & Regina Belle,A Whole New World (Aladdin's Theme)
Still The SameBob Seger & The Silver Bullet Band,Bob Seger & The Silver Bullet Band,Still The Same,"['album rock', 'classic rock', 'folk rock', 'hard rock', 'heartland rock', 'mellow gold', 'rock', 'soft rock']",1Ryxsiacu8pUXIMCVnIQ8J,NA,Stranger In Town,FALSE,203546,65,0.709,0.767,0,-6.732,1,0.0283,0.405,1.72e-4,0.0592,0.557,115.64,4,http://www.billboard.com/charts/hot-100/1978-07-22,7/22/1978,4,Still The Same,Bob Seger & The Silver Bullet Band,1,5,4,11,rock,1978-07-22,1978,7,hard,11,4,1978,11,4,Bob Seger & The Silver Bullet Band,Still The Same
Let's DanceDavid Bowie,David Bowie,Let's Dance,"['album rock', 'art rock', 'classic rock', 'dance rock', 'glam rock', 'permanent wave', 'protopunk', 'rock']",3ix6K4wZY29bCujrSznwFZ,https://p.scdn.co/mp3-preview/1d3275edcfb6ebd3b0c25c8cf2d5c83da74fd43a?cid=b8d3901151d34489a160e3cf0ab1fa94,Let's Dance (2018 Remaster),FALSE,457675,71,0.654,0.743,10,-7.44,0,0.0605,0.0125,0.0272,0.153,0.632,114.846,4,http://www.billboard.com/charts/hot-100/1983-07-09,7/9/1983,31,Let's Dance,David Bowie,1,15,1,16,rock,1983-07-09,1983,7,classic,16,1,1983,16,1,David Bowie,Let's Dance
Stranger In TownToto,Toto,Stranger In Town,"['album rock', 'mellow gold', 'rock', 'soft rock', 'yacht rock']",4wcrWfOjVNYoznqCKfu9d1,https://p.scdn.co/mp3-preview/c7d3c1c0459c123866b0e76b4126c43f2b397f7d?cid=b8d3901151d34489a160e3cf0ab1fa94,Isolation,FALSE,287066,46,0.599,0.667,2,-16.013,0,0.0329,0.0957,0.479,0.101,0.762,154.915,4,http://www.billboard.com/charts/hot-100/1984-11-03,11/3/1984,50,Stranger In Town,Toto,1,70,50,2,rock,1984-11-03,1984,11,soft rock,2,50,1984,2,50,Toto,Stranger In Town
Let's Put The X In SexKISS,KISS,Let's Put The X In Sex,"['album rock', 'classic rock', 'glam rock', 'hard rock', 'metal', 'rock']",1wVslVHkU5N8b8JIzFbpb0,NA,Smashes Thrashes & Hits,FALSE,230620,33,0.771,0.671,0,-9.831,1,0.0294,0.0982,1.3e-5,0.209,0.84,111.082,4,http://www.billboard.com/charts/hot-100/1989-01-21,1/21/1989,99,Let's Put The X In Sex,KISS,1,97,97,2,rock,1989-01-21,1989,1,metal,2,97,1989,2,97,KISS,Let's Put The X In Sex
(oh) Pretty WomanVan Halen,Van Halen,(oh) Pretty Woman,"['album rock', 'classic rock', 'hard rock', 'metal', 'rock']",7ptv3yXdBWwzO7rVA62rwy,https://p.scdn.co/mp3-preview/78c1f5158bda46e54c979f1d0aadd177f9ee6189?cid=b8d3901151d34489a160e3cf0ab1fa94,Diver Down (Remastered),FALSE,172670,53,0.441,0.97,1,-2.1,0,0.0708,0.192,1.68e-6,0.312,0.5,128.289,4,http://www.billboard.com/charts/hot-100/1982-04-10,4/10/1982,14,(oh) Pretty Woman,Van Halen,1,15,14,10,rock,1982-04-10,1982,4,metal,10,14,1982,10,14,Van Halen,(oh) Pretty Woman
BonfireCraig Morgan,Craig Morgan,Bonfire,"['contemporary country', 'country', 'country road', 'modern country rock', 'redneck']",4PyKicaf5RL5tlidl6ZMO5,https://p.scdn.co/mp3-preview/09e73552a5e5058845d5ffdb0c0c5e9bb274583e?cid=b8d3901151d34489a160e3cf0ab1fa94,That's Why,FALSE,179706,49,0.426,0.917,0,-2.968,1,0.103,0.119,0,0.153,0.506,175.716,4,http://www.billboard.com/charts/hot-100/2010-01-02,1/2/2010,76,Bonfire,Craig Morgan,1,65,57,13,rock,2010-01-02,2010,1,country rock,13,57,2010,13,57,Craig Morgan,Bonfire
(She's A) Very Lovely Woman/The Long Way AroundLinda Ronstadt,Linda Ronstadt,(She's A) Very Lovely Woman/The Long Way Around,"['adult standards', 'country rock', 'folk', 'folk rock', 'heartland rock', 'lilith', 'mellow gold', 'singer-songwriter', 'soft rock']",NA,NA,NA,NA,NA,NA,NA,NA,NA,NA,NA,NA,NA,NA,NA,NA,NA,NA,http://www.billboard.com/charts/hot-100/1971-02-20,2/20/1971,75,(She's A) Very Lovely Woman/The Long Way Around,Linda Ronstadt,1,70,70,5,rock,1971-02-20,1971,2,country rock,5,70,1971,5,70,Linda Ronstadt,(She's A) Very Lovely Woman/The Long Way Around
YesterdayThe Beatles,The Beatles,Yesterday,"['british invasion', 'merseybeat', 'psychedelic rock', 'rock']",3BQHpFgAp4l80e1XslIjNI,NA,Help! (Remastered),FALSE,125666,79,0.332,0.179,5,-11.83,1,0.0326,0.879,0,0.0886,0.315,96.529,4,http://www.billboard.com/charts/hot-100/1965-12-04,12/4/1965,45,Yesterday,The Beatles,1,26,1,11,rock,1965-12-04,1965,12,british,11,1,1965,11,1,The Beatles,Yesterday
"Baby, What A Big SurpriseChicago",Chicago,"Baby, What A Big Surprise","['adult standards', 'album rock', 'classic rock', 'folk rock', 'mellow gold', 'rock', 'soft rock', 'yacht rock']",11dAtktxQQzipxuLqljEfY,https://p.scdn.co/mp3-preview/e3796d776e6255d08859a914258bb03b26d14f80?cid=b8d3901151d34489a160e3cf0ab1fa94,Chicago XI,FALSE,183666,45,0.42,0.451,5,-4.351,1,0.0289,0.053,2.32e-6,0.137,0.396,74.353,4,http://www.billboard.com/charts/hot-100/1977-11-26,11/26/1977,5,"Baby, What A Big Surprise",Chicago,1,5,5,10,rock,1977-11-26,1977,11,classic,10,5,1977,10,5,Chicago,"Baby, What A Big Surprise"
For You I WillAaron Tippin,Aaron Tippin,For You I Will,"['country', 'country road', 'country rock', 'redneck']",0A9UuGGkuYnRy9JqMBSAWb,NA,What This Country Needs,FALSE,211733,30,0.625,0.601,1,-7.092,1,0.0291,0.186,0.00533,0.249,0.257,107.724,4,http://www.billboard.com/charts/hot-100/1998-11-14,11/14/1998,82,For You I Will,Aaron Tippin,1,79,74,6,rock,1998-11-14,1998,11,country rock,6,74,1998,6,74,Aaron Tippin,For You I Will
Living In The PastJethro Tull,Jethro Tull,Living In The Past,"['album rock', 'art rock', 'blues rock', 'classic rock', 'hard rock', 'progressive rock', 'psychedelic rock', 'rock', 'symphonic rock']",2hSOrxX3I69A8xth8arEq2,https://p.scdn.co/mp3-preview/91e90eed3a5a6b0b8eb56365dad85f355547ade1?cid=b8d3901151d34489a160e3cf0ab1fa94,Stand Up,FALSE,202893,46,0.686,0.488,5,-11.024,1,0.0582,0.216,1.89e-5,0.121,0.965,151.031,5,http://www.billboard.com/charts/hot-100/1972-12-16,12/16/1972,20,Living In The Past,Jethro Tull,1,26,20,7,rock,1972-12-16,1972,12,blues,7,20,1972,7,20,Jethro Tull,Living In The Past
If Looks Could KillPlayer,Player,If Looks Could Kill,"['country rock', 'soft rock', 'yacht rock']",2xjmPPUtAmHZUP8tGjPeRj,https://p.scdn.co/mp3-preview/403d6dc7b746954b1c9798fc37107ef685de9a97?cid=b8d3901151d34489a160e3cf0ab1fa94,Best of Player,FALSE,215145,22,0.651,0.706,1,-7.411,1,0.0363,0.0154,0,0.0719,0.704,121.839,4,http://www.billboard.com/charts/hot-100/1982-01-30,1/30/1982,71,If Looks Could Kill,Player,1,81,71,2,rock,1982-01-30,1982,1,country rock,2,71,1982,2,71,Player,If Looks Could Kill
Made To Love YouGary Wright,Gary Wright,Made To Love You,"['album rock', 'classic rock', 'country rock', 'mellow gold', 'soft rock', 'yacht rock']",0VKllTnl6NOjxm3e6A6JxS,https://p.scdn.co/mp3-preview/8fa3ef048fe946eed59b86043679acd60a607828?cid=b8d3901151d34489a160e3cf0ab1fa94,The Dream Weaver,FALSE,223800,20,0.519,0.452,0,-12.985,1,0.0318,0.339,1.72e-4,0.302,0.357,122.744,4,http://www.billboard.com/charts/hot-100/1976-09-18,9/18/1976,92,Made To Love You,Gary Wright,1,NA,92,1,rock,1976-09-18,1976,9,classic,1,92,1976,1,92,Gary Wright,Made To Love You
"Bells, Bells, Bells (The Bell Song)Billy & Lillie",Billy & Lillie,"Bells, Bells, Bells (The Bell Song)","['album rock', 'classic rock', 'folk rock', 'mellow gold', 'piano rock', 'rock', 'singer-songwriter', 'soft rock']",NA,NA,NA,NA,NA,NA,NA,NA,NA,NA,NA,NA,NA,NA,NA,NA,NA,NA,http://www.billboard.com/charts/hot-100/1959-08-01,8/1/1959,88,"Bells, Bells, Bells (The Bell Song)",Billy & Lillie,1,91,88,4,rock,1959-08-01,1959,8,classic,4,88,1959,4,88,Billy & Lillie,"Bells, Bells, Bells (The Bell Song)"
Point At YouJustin Moore,Justin Moore,Point At You,"['arkansas country', 'contemporary country', 'country', 'country road', 'modern country rock', 'redneck']",5ZMFVgZSYvbq3SmgRwaGMa,NA,Off The Beaten Path (Deluxe Edition),FALSE,180720,50,0.626,0.805,7,-5.81,1,0.0449,0.0126,0,0.156,0.882,116.03,4,http://www.billboard.com/charts/hot-100/2013-07-06,7/6/2013,89,Point At You,Justin Moore,1,87,87,4,rock,2013-07-06,2013,7,country rock,4,87,2013,4,87,Justin Moore,Point At You
High On YouSurvivor,Survivor,High On You,"['album rock', 'hard rock', 'rock', 'soft rock']",0kly0FygSDXVbvbXxsZ31S,https://p.scdn.co/mp3-preview/d5f97951358baca552a78f632f00def076549d1f?cid=b8d3901151d34489a160e3cf0ab1fa94,Vital Signs,FALSE,248200,53,0.659,0.714,7,-9.811,1,0.0321,0.398,1.15e-5,0.174,0.871,125.152,4,http://www.billboard.com/charts/hot-100/1985-05-11,5/11/1985,61,High On You,Survivor,1,59,8,16,rock,1985-05-11,1985,5,hard,16,8,1985,16,8,Survivor,High On You
If I Die YoungThe Band Perry,The Band Perry,If I Die Young,"['contemporary country', 'country', 'country dawn', 'country road', 'modern country rock']",4u26EevCNXMhlvE1xFBJwX,NA,The Band Perry,FALSE,222773,69,0.606,0.497,4,-6.611,1,0.0277,0.348,0,0.275,0.362,130.739,4,http://www.billboard.com/charts/hot-100/2011-11-05,11/5/2011,35,If I Die Young,The Band Perry,2,35,14,48,rock,2011-11-05,2011,11,country rock,48,14,2011,48,14,The Band Perry,If I Die Young
FriendsJohn Michael Montgomery,John Michael Montgomery,Friends,"['contemporary country', 'country', 'country road', 'country rock']",3cllg2r81NdWYVTNWbQKqQ,https://p.scdn.co/mp3-preview/88d1c059652d472dff362ca62d4fa5fa5f2aad61?cid=b8d3901151d34489a160e3cf0ab1fa94,90s Country Hits,FALSE,234000,27,0.62,0.401,9,-10.279,1,0.0288,0.23,0,0.0745,0.238,143.961,4,http://www.billboard.com/charts/hot-100/1997-02-08,2/8/1997,69,Friends,John Michael Montgomery,1,70,69,7,rock,1997-02-08,1997,2,country rock,7,69,1997,7,69,John Michael Montgomery,Friends
The PretenderFoo Fighters,Foo Fighters,The Pretender,"['alternative metal', 'alternative rock', 'modern rock', 'permanent wave', 'post-grunge', 'rock']",7x8dCjCr0x6x2lXKujYD34,https://p.scdn.co/mp3-preview/6aba2f4e671ffe07fd60807ca5fef82d48146d4c?cid=b8d3901151d34489a160e3cf0ab1fa94,Echoe,FALSE,269373,78,0.433,0.959,9,-4.04,1,0.0431,9.17e-4,0,0.028,0.365,172.984,4,http://www.billboard.com/charts/hot-100/2007-12-08,12/8/2007,60,The Pretender,Foo Fighters,1,58,37,16,rock,2007-12-08,2007,12,metal,16,37,2007,16,37,Foo Fighters,The Pretender
Brown Eyed GirlVan Morrison,Van Morrison,Brown Eyed Girl,"['classic rock', 'folk', 'folk rock', 'mellow gold', 'rock', 'roots rock', 'singer-songwriter', 'soft rock']",3yrSvpt2l1xhsV9Em88Pul,https://p.scdn.co/mp3-preview/cb2b0096b08796c0c1cfeb31b9a9802ce0a3b44a?cid=b8d3901151d34489a160e3cf0ab1fa94,Blowin' Your Mind!,FALSE,183306,80,0.491,0.583,7,-10.964,1,0.0376,0.182,0,0.407,0.907,150.572,4,http://www.billboard.com/charts/hot-100/1967-10-07,10/7/1967,13,Brown Eyed Girl,Van Morrison,1,10,10,13,rock,1967-10-07,1967,10,classic,13,10,1967,13,10,Van Morrison,Brown Eyed Girl
We Didn't Start The FireBilly Joel,Billy Joel,We Didn't Start The Fire,"['album rock', 'classic rock', 'folk rock', 'mellow gold', 'piano rock', 'rock', 'singer-songwriter', 'soft rock']",3Cx4yrFaX8CeHwBMReOWXI,https://p.scdn.co/mp3-preview/84365368ace21bc568ed0d9b0b18669a58963297?cid=b8d3901151d34489a160e3cf0ab1fa94,Storm Front,FALSE,287733,74,0.712,0.967,7,-5.206,1,0.047,0.0771,0,0.356,0.895,145.024,4,http://www.billboard.com/charts/hot-100/1989-11-04,11/4/1989,21,We Didn't Start The Fire,Billy Joel,1,28,21,4,rock,1989-11-04,1989,11,classic,4,21,1989,4,21,Billy Joel,We Didn't Start The Fire
Walk Of LifeDire Straits,Dire Straits,Walk Of Life,"['album rock', 'classic rock', 'mellow gold', 'rock', 'soft rock']",423o3ZHIaBtGXyhF1uH41a,https://p.scdn.co/mp3-preview/0dcbcd3569d83da11c35c1f91532335b3d5daa78?cid=b8d3901151d34489a160e3cf0ab1fa94,Brothers in Arms,FALSE,252466,62,0.461,0.936,4,-6.866,1,0.109,0.435,9.13e-5,0.124,0.804,172.404,4,http://www.billboard.com/charts/hot-100/1985-12-21,12/21/1985,14,Walk Of Life,Dire Straits,1,18,14,8,rock,1985-12-21,1985,12,classic,8,14,1985,8,14,Dire Straits,Walk Of Life
Two Out Of Three Ain't BadMeat Loaf,Meat Loaf,Two Out Of Three Ain't Bad,"['album rock', 'mellow gold', 'rock', 'soft rock']",2ph0hzV1kCVhR82E2La4q5,https://p.scdn.co/mp3-preview/8d36180f2f4973ff577795f4efc98353fee67e71?cid=b8d3901151d34489a160e3cf0ab1fa94,Bat Out Of Hell,FALSE,324440,61,0.586,0.48,9,-9.138,1,0.0243,0.385,0,0.0947,0.488,79.873,4,http://www.billboard.com/charts/hot-100/1978-03-18,3/18/1978,90,Two Out Of Three Ain't Bad,Meat Loaf,1,NA,90,1,rock,1978-03-18,1978,3,soft rock,1,90,1978,1,90,Meat Loaf,Two Out Of Three Ain't Bad
Can't Stop Loving YouPhil Collins,Phil Collins,Can't Stop Loving You,"['mellow gold', 'soft rock']",2W6PNGCN4PGwPMf1jYazL4,https://p.scdn.co/mp3-preview/e3fef8a12b74ae9fbef4a1b22c6ce2dd913be7a1?cid=b8d3901151d34489a160e3cf0ab1fa94,Testify (Deluxe Edition),FALSE,256453,63,0.604,0.778,0,-5.686,1,0.0259,0.00726,1.33e-5,0.114,0.419,100.155,4,http://www.billboard.com/charts/hot-100/2003-04-26,4/26/2003,85,Can't Stop Loving You,Phil Collins,1,76,76,13,rock,2003-04-26,2003,4,soft rock,13,76,2003,13,76,Phil Collins,Can't Stop Loving You
The Big MoneyRush,Rush,The Big Money,"['album rock', 'art rock', 'canadian metal', 'classic canadian rock', 'classic rock', 'hard rock', 'metal', 'progressive rock', 'rock']",4f6CJbnASHEtQspSwqoYlr,NA,Power Windows,FALSE,334493,42,0.462,0.96,9,-5.966,1,0.0835,0.129,0.0357,0.142,0.454,145.475,4,http://www.billboard.com/charts/hot-100/1985-11-23,11/23/1985,73,The Big Money,Rush,1,75,73,3,rock,1985-11-23,1985,11,metal,3,73,1985,3,73,Rush,The Big Money
Another Saturday NightCat Stevens,Cat Stevens,Another Saturday Night,"['british folk', 'classic rock', 'folk', 'folk rock', 'mellow gold', 'rock', 'roots rock', 'singer-songwriter', 'soft rock']",3ekij6XVw1F5dFX9oLvNU0,NA,Greatest Hits,FALSE,150360,33,0.75,0.856,5,-7.059,1,0.131,0.596,6.48e-6,0.0514,0.964,140.011,4,http://www.billboard.com/charts/hot-100/1974-09-28,9/28/1974,8,Another Saturday Night,Cat Stevens,1,11,8,9,rock,1974-09-28,1974,9,british,9,8,1974,9,8,Cat Stevens,Another Saturday Night
Fly AwayBlackfoot,Blackfoot,Fly Away,"['album rock', 'blues rock', 'classic rock', 'country rock', 'hard rock', 'native american', 'rock', 'southern rock']",5TN7RTbTATxPfhQLsZv92R,https://p.scdn.co/mp3-preview/6f11720334e799068609d7724eead39d669f8344?cid=b8d3901151d34489a160e3cf0ab1fa94,Marauder,FALSE,177826,25,0.558,0.781,0,-8.799,1,0.0543,0.113,0,0.535,0.806,135.018,4,http://www.billboard.com/charts/hot-100/1981-08-22,8/22/1981,67,Fly Away,Blackfoot,1,42,42,10,rock,1981-08-22,1981,8,blues,10,42,1981,10,42,Blackfoot,Fly Away
I'm In YouPeter Frampton,Peter Frampton,I'm In You,"['album rock', 'art rock', 'blues rock', 'british blues', 'classic rock', 'country rock', 'folk rock', 'hard rock', 'heartland rock', 'mellow gold', 'rock', 'roots rock', 'soft rock', 'symphonic rock']",03zB9duFz1JqLxAIYvGdac,NA,I'm In You,FALSE,250000,46,0.329,0.499,0,-7.235,1,0.0274,0.173,8.09e-6,0.124,0.164,98.533,4,http://www.billboard.com/charts/hot-100/1977-06-25,6/25/1977,18,I'm In You,Peter Frampton,1,25,18,5,rock,1977-06-25,1977,6,blues,5,18,1977,5,18,Peter Frampton,I'm In You
Say It Isn't SoDaryl Hall John Oates,Daryl Hall John Oates,Say It Isn't So,"['album rock', 'classic rock', 'mellow gold', 'rock', 'soft rock', 'yacht rock']",2bZswvNGESo7MKeg7SQ9rp,https://p.scdn.co/mp3-preview/50dcdca9dfb6d1da4a03fb427033d6066d70a561?cid=b8d3901151d34489a160e3cf0ab1fa94,The Very Best of Daryl Hall / John Oates,FALSE,257466,47,0.769,0.595,4,-11.796,0,0.028,0.0588,0,0.18,0.969,113.971,4,http://www.billboard.com/charts/hot-100/1984-02-11,2/11/1984,48,Say It Isn't So,Daryl Hall John Oates,1,28,2,16,rock,1984-02-11,1984,2,classic,16,2,1984,16,2,Daryl Hall John Oates,Say It Isn't So
I Can't Drive 55Sammy Hagar,Sammy Hagar,I Can't Drive 55,"['album rock', 'classic rock', 'glam metal', 'hard rock', 'heartland rock', 'mellow gold', 'metal', 'rock', 'soft rock']",1MqGKtY9L5qjPi8s7gX645,NA,Voa,FALSE,254466,58,0.531,0.625,9,-12.335,1,0.0319,0.0043,4.34e-5,0.0894,0.882,133.763,4,http://www.billboard.com/charts/hot-100/1984-11-24,11/24/1984,26,I Can't Drive 55,Sammy Hagar,1,27,26,9,rock,1984-11-24,1984,11,metal,9,26,1984,9,26,Sammy Hagar,I Can't Drive 55
When You Need My LoveDarryl Worley,Darryl Worley,When You Need My Love,"['contemporary country', 'country', 'country road', 'modern country rock']",4YVn5jM7iJqjQLu1gRhP2W,NA,Have You Forgotten?,FALSE,219800,25,0.59,0.653,4,-5.806,1,0.023,0.119,0,0.313,0.402,85.991,4,http://www.billboard.com/charts/hot-100/2000-09-02,9/2/2000,78,When You Need My Love,Darryl Worley,1,75,75,13,rock,2000-09-02,2000,9,country rock,13,75,2000,13,75,Darryl Worley,When You Need My Love
Smoking GunThe Robert Cray Band,The Robert Cray Band,Smoking Gun,"['blues', 'blues rock', 'electric blues', 'modern blues']",5vOK3ksL1X3MNe2o48lWTU,NA,Cookin' In Mobile,FALSE,435293,14,0.478,0.702,4,-10.71,0,0.0617,0.0399,7.65e-4,0.866,0.64,125.28,4,http://www.billboard.com/charts/hot-100/1987-05-02,5/2/1987,51,Smoking Gun,The Robert Cray Band,1,32,22,13,rock,1987-05-02,1987,5,blues,13,22,1987,13,22,The Robert Cray Band,Smoking Gun
Green-Eyed LadySugarloaf,Sugarloaf,Green-Eyed Lady,"['classic rock', 'country rock', 'soft rock']",NA,NA,NA,NA,NA,NA,NA,NA,NA,NA,NA,NA,NA,NA,NA,NA,NA,NA,http://www.billboard.com/charts/hot-100/1970-11-21,11/21/1970,7,Green-Eyed Lady,Sugarloaf,1,6,3,15,rock,1970-11-21,1970,11,classic,15,3,1970,15,3,Sugarloaf,Green-Eyed Lady
The ImpossibleJoe Nichols,Joe Nichols,The Impossible,"['arkansas country', 'contemporary country', 'country', 'country road', 'modern country rock']",5vyVckEUyIogu3Fq7J3lBR,NA,Man With A Memory,FALSE,245573,43,0.613,0.59,9,-5.167,1,0.0285,0.367,2.2e-6,0.0737,0.192,78.013,4,http://www.billboard.com/charts/hot-100/2002-07-20,7/20/2002,69,The Impossible,Joe Nichols,1,79,69,8,rock,2002-07-20,2002,7,country rock,8,69,2002,8,69,Joe Nichols,The Impossible
Look AwayChicago,Chicago,Look Away,"['adult standards', 'album rock', 'classic rock', 'folk rock', 'mellow gold', 'rock', 'soft rock', 'yacht rock']",2dEVFDQ9Z9Gyl73yhoKl65,https://p.scdn.co/mp3-preview/c4f84e6dd0cc62b62418cd3817bef0b543682948?cid=b8d3901151d34489a160e3cf0ab1fa94,Chicago 19 (Expanded Edition),FALSE,242960,51,0.553,0.545,9,-7.278,1,0.0261,0.385,5.36e-6,0.105,0.201,85.959,4,http://www.billboard.com/charts/hot-100/1988-12-17,12/17/1988,1,Look Away,Chicago,1,1,1,13,rock,1988-12-17,1988,12,classic,13,1,1988,13,1,Chicago,Look Away
Is This LoveSurvivor,Survivor,Is This Love,"['album rock', 'hard rock', 'rock', 'soft rock']",6rt4FH5qFgXGmyhgKmlJcL,https://p.scdn.co/mp3-preview/4abd8d32724e3c18982ca5fd02bb5487c5161a42?cid=b8d3901151d34489a160e3cf0ab1fa94,When Seconds Count,FALSE,222560,47,0.679,0.772,3,-8.946,1,0.0328,0.557,0,0.0338,0.749,118.129,4,http://www.billboard.com/charts/hot-100/1986-11-22,11/22/1986,32,Is This Love,Survivor,1,36,32,5,rock,1986-11-22,1986,11,hard,5,32,1986,5,32,Survivor,Is This Love
(I Do The) Shimmy ShimmyBobby Freeman,Bobby Freeman,(I Do The) Shimmy Shimmy,"['doo-wop', 'rhythm and blues', 'rock-and-roll', 'rockabilly']",2FQcPtw6VJ8t2D8YC6OiCC,https://p.scdn.co/mp3-preview/835a6d254c287a4af69dcb1e6dda0c9db5f70791?cid=b8d3901151d34489a160e3cf0ab1fa94,Greatest Hits,FALSE,157466,3,0.508,0.857,2,-5.498,1,0.04,0.74,0,0.365,0.891,88.579,4,http://www.billboard.com/charts/hot-100/1960-10-22,10/22/1960,46,(I Do The) Shimmy Shimmy,Bobby Freeman,1,46,37,11,rock,1960-10-22,1960,10,blues,11,37,1960,11,37,Bobby Freeman,(I Do The) Shimmy Shimmy
NightwalkerGino Vannelli,Gino Vannelli,Nightwalker,"['classic canadian rock', 'mellow gold', 'soft rock', 'yacht rock']",1OMGjMyooYrLkK5VuhDAkk,https://p.scdn.co/mp3-preview/d8a1781799394cb380abebcbd0fa7414c2f4ce8a?cid=b8d3901151d34489a160e3cf0ab1fa94,Nightwalker,FALSE,307960,29,0.239,0.64,11,-11.887,0,0.0462,0.326,0.00298,0.121,0.347,82.803,4,http://www.billboard.com/charts/hot-100/1981-07-25,7/25/1981,51,Nightwalker,Gino Vannelli,1,61,51,4,rock,1981-07-25,1981,7,classic,4,51,1981,4,51,Gino Vannelli,Nightwalker
Death Of An AngelThe Kingsmen,The Kingsmen,Death Of An Angel,['classic garage rock'],7mp74IKoo9oaES5JwBWBWO,https://p.scdn.co/mp3-preview/97cfeeebe6165b4273d285c6dd8278af6c57b30a?cid=b8d3901151d34489a160e3cf0ab1fa94,The Best of The Kingsmen,FALSE,153652,20,0.794,0.308,7,-13.539,0,0.0537,0.649,0,0.106,0.679,113.808,4,http://www.billboard.com/charts/hot-100/1964-10-31,10/31/1964,42,Death Of An Angel,The Kingsmen,1,47,42,8,rock,1964-10-31,1964,10,classic,8,42,1964,8,42,The Kingsmen,Death Of An Angel
Till I Loved YouBarbra Streisand & Don Johnson,Barbra Streisand & Don Johnson,Till I Loved You,"['adult standards', 'hollywood', 'mellow gold', 'soft rock']",4xnp5cvuGKQGwuIRHCTUzh,https://p.scdn.co/mp3-preview/f434de7822dbc65ff6f2d9565342a8abb056aa62?cid=b8d3901151d34489a160e3cf0ab1fa94,Duets,FALSE,256626,47,0.526,0.459,7,-8.205,1,0.0258,0.618,1.86e-6,0.137,0.338,107.155,4,http://www.billboard.com/charts/hot-100/1988-11-05,11/5/1988,43,Till I Loved You,Barbra Streisand & Don Johnson,1,53,43,3,rock,1988-11-05,1988,11,soft rock,3,43,1988,3,43,Barbra Streisand & Don Johnson,Till I Loved You
I Don't Need No DoctorHumble Pie,Humble Pie,I Don't Need No Doctor,"['album rock', 'art rock', 'blues rock', 'british blues', 'classic rock', 'country rock', 'electric blues', 'folk rock', 'hard rock', 'psychedelic rock', 'rock', 'roots rock', 'southern rock', 'symphonic rock']",5EvmhOIdCZ8kGMuvZDbgts,https://p.scdn.co/mp3-preview/8a31c53f51d76006ab8becd1ee7d9b3ddf1ae20a?cid=b8d3901151d34489a160e3cf0ab1fa94,Live '73,FALSE,592053,31,0.373,0.897,2,-6.268,1,0.166,2.9e-4,0.0179,0.669,0.272,141.745,4,http://www.billboard.com/charts/hot-100/1971-10-30,10/30/1971,84,I Don't Need No Doctor,Humble Pie,1,73,73,6,rock,1971-10-30,1971,10,blues,6,73,1971,6,73,Humble Pie,I Don't Need No Doctor
Got To Get You Into My LifeThe Beatles,The Beatles,Got To Get You Into My Life,"['british invasion', 'merseybeat', 'psychedelic rock', 'rock']",3tGhRLgcCP6SIZU3tbGl7l,NA,Revolver (Remastered),FALSE,149240,62,0.521,0.524,0,-6.136,1,0.0302,0.42,9.27e-6,0.0838,0.711,136.679,4,http://www.billboard.com/charts/hot-100/1976-07-03,7/3/1976,12,Got To Get You Into My Life,The Beatles,1,18,12,4,rock,1976-07-03,1976,7,british,4,12,1976,4,12,The Beatles,Got To Get You Into My Life
What's Your NameLynyrd Skynyrd,Lynyrd Skynyrd,What's Your Name,"['album rock', 'blues rock', 'classic rock', 'country rock', 'hard rock', 'mellow gold', 'rock', 'southern rock']",0uZs7p6cbEUNwGMdfNj9Kk,NA,Street Survivors,FALSE,213266,53,0.646,0.574,7,-9.352,1,0.0285,0.602,4.19e-5,0.135,0.933,135.175,4,http://www.billboard.com/charts/hot-100/1978-02-25,2/25/1978,17,What's Your Name,Lynyrd Skynyrd,1,18,17,13,rock,1978-02-25,1978,2,blues,13,17,1978,13,17,Lynyrd Skynyrd,What's Your Name
Sun's Gonna RiseSass Jordan,Sass Jordan,Sun's Gonna Rise,['classic canadian rock'],0Xm3kkDIvzhm4ZDsvCa6bl,NA,Rats,FALSE,173313,7,0.448,0.627,11,-7.472,0,0.0283,0.0866,8.35e-6,0.125,0.493,80.19,4,http://www.billboard.com/charts/hot-100/1994-12-03,12/3/1994,95,Sun's Gonna Rise,Sass Jordan,1,86,86,3,rock,1994-12-03,1994,12,classic,3,86,1994,3,86,Sass Jordan,Sun's Gonna Rise
Waltzing MatildaJimmie Rodgers,Jimmie Rodgers,Waltzing Matilda,"['appalachian folk', 'country rock', 'folk', 'old-time', 'traditional country', 'traditional folk', 'yodeling']",4T1YDePBqGXRnTJMCi4nXm,https://p.scdn.co/mp3-preview/d690e6ca14ab6d0e2ea5849e6d3d3e9669e45b5e?cid=b8d3901151d34489a160e3cf0ab1fa94,The Best Of Jimmie Rodgers,FALSE,176000,8,0.778,0.306,7,-14.382,1,0.0352,0.814,0,0.0783,0.863,111.064,4,http://www.billboard.com/charts/hot-100/1960-01-16,1/16/1960,75,Waltzing Matilda,Jimmie Rodgers,1,NA,75,1,rock,1960-01-16,1960,1,country rock,1,75,1960,1,75,Jimmie Rodgers,Waltzing Matilda
Feel That FireDierks Bentley,Dierks Bentley,Feel That Fire,"['contemporary country', 'country', 'country road', 'modern country rock']",0U7Q336Pth6J3mPy736fQq,NA,Feel That Fire,FALSE,201506,47,0.412,0.833,1,-3.865,1,0.0352,0.371,1.28e-5,0.208,0.669,179.846,4,http://www.billboard.com/charts/hot-100/2009-03-07,3/7/2009,45,Feel That Fire,Dierks Bentley,1,37,32,20,rock,2009-03-07,2009,3,country rock,20,32,2009,20,32,Dierks Bentley,Feel That Fire
ButterflyCrazy Town,Crazy Town,Butterfly,"['alternative metal', 'funk metal', 'nu metal', 'post-grunge', 'rap rock']",4BggEwLhGfrbrl7JBhC8EC,https://p.scdn.co/mp3-preview/8bab4427d8ce0fcb58daacaa20d19864554806f1?cid=b8d3901151d34489a160e3cf0ab1fa94,The Gift Of Game,FALSE,216733,71,0.736,0.811,9,-4.17,0,0.081,0.00132,1.42e-4,0.107,0.609,103.502,4,http://www.billboard.com/charts/hot-100/2001-05-19,5/19/2001,22,Butterfly,Crazy Town,1,17,1,20,rock,2001-05-19,2001,5,metal,20,1,2001,20,1,Crazy Town,Butterfly
No Way OutJefferson Starship,Jefferson Starship,No Way Out,"['album rock', 'art rock', 'classic rock', 'country rock', 'folk rock', 'hard rock', 'mellow gold', 'rock', 'soft rock', 'symphonic rock']",5ncLNCx0nnz763Aug1q4ay,https://p.scdn.co/mp3-preview/9e2c973654eb1f56472c89b0c164c863971fafe9?cid=b8d3901151d34489a160e3cf0ab1fa94,Nuclear Furniture,FALSE,262573,38,0.587,0.791,5,-5.139,0,0.0301,0.0222,1.15e-4,0.0376,0.349,105.591,4,http://www.billboard.com/charts/hot-100/1984-07-14,7/14/1984,24,No Way Out,Jefferson Starship,1,25,24,10,rock,1984-07-14,1984,7,hard,10,24,1984,10,24,Jefferson Starship,No Way Out
In Too DeepGenesis,Genesis,In Too Deep,"['album rock', 'art rock', 'classic rock', 'mellow gold', 'progressive rock', 'rock', 'soft rock', 'symphonic rock']",4P0uyibZjcXZLVeNOHBd8Q,https://p.scdn.co/mp3-preview/728b3992946792f12e967364b882d8af4f9fcc4e?cid=b8d3901151d34489a160e3cf0ab1fa94,Invisible Touch,FALSE,298093,48,0.669,0.435,8,-9.646,1,0.0244,0.534,9.51e-6,0.0879,0.302,103.548,4,http://www.billboard.com/charts/hot-100/1987-07-11,7/11/1987,17,In Too Deep,Genesis,1,6,3,12,rock,1987-07-11,1987,7,classic,12,3,1987,12,3,Genesis,In Too Deep
Free BirdLynyrd Skynyrd,Lynyrd Skynyrd,Free Bird,"['album rock', 'blues rock', 'classic rock', 'country rock', 'hard rock', 'mellow gold', 'rock', 'southern rock']",5EWPGh7jbTNO2wakv8LjUI,NA,Pronounced' Leh-'Nerd 'Skin-'Nerd,FALSE,547106,72,0.252,0.844,0,-8.121,1,0.0572,0.0765,1.8e-4,0.084,0.351,118.158,4,http://www.billboard.com/charts/hot-100/1975-02-01,2/1/1975,19,Free Bird,Lynyrd Skynyrd,1,19,19,11,rock,1975-02-01,1975,2,blues,11,19,1975,11,19,Lynyrd Skynyrd,Free Bird
Whatever It IsZac Brown Band,Zac Brown Band,Whatever It Is,"['contemporary country', 'country', 'country road', 'modern country rock']",4o8STNAL91xc7EvuvqSKk1,https://p.scdn.co/mp3-preview/99ad0dc821a67113fa79324b2645c5a226e212d0?cid=b8d3901151d34489a160e3cf0ab1fa94,The Foundation,FALSE,208213,64,0.686,0.576,1,-6.632,1,0.0284,0.443,1.7e-5,0.212,0.72,83.971,4,http://www.billboard.com/charts/hot-100/2009-05-30,5/30/2009,38,Whatever It Is,Zac Brown Band,1,39,38,10,rock,2009-05-30,2009,5,country rock,10,38,2009,10,38,Zac Brown Band,Whatever It Is
99.9% Sure (I've Never Been Here Before)Brian McComas,Brian McComas,99.9% Sure (I've Never Been Here Before),"['arkansas country', 'country road', 'modern country rock']",NA,NA,NA,NA,NA,NA,NA,NA,NA,NA,NA,NA,NA,NA,NA,NA,NA,NA,http://www.billboard.com/charts/hot-100/2003-08-02,8/2/2003,61,99.9% Sure (I've Never Been Here Before),Brian McComas,1,65,61,4,rock,2003-08-02,2003,8,country rock,4,61,2003,4,61,Brian McComas,99.9% Sure (I've Never Been Here Before)
You Got That RightLynyrd Skynyrd,Lynyrd Skynyrd,You Got That Right,"['album rock', 'blues rock', 'classic rock', 'country rock', 'hard rock', 'mellow gold', 'rock', 'southern rock']",2lLWfAW32oxUCv0iYQQwSX,NA,Street Survivors,FALSE,227293,45,0.537,0.702,0,-10.973,1,0.033,0.0244,0.0505,0.21,0.954,146.208,4,http://www.billboard.com/charts/hot-100/1978-04-22,4/22/1978,72,You Got That Right,Lynyrd Skynyrd,1,85,72,2,rock,1978-04-22,1978,4,blues,2,72,1978,2,72,Lynyrd Skynyrd,You Got That Right
The Main Event/FightBarbra Streisand,Barbra Streisand,The Main Event/Fight,"['adult standards', 'hollywood', 'mellow gold', 'soft rock']",NA,NA,NA,NA,NA,NA,NA,NA,NA,NA,NA,NA,NA,NA,NA,NA,NA,NA,http://www.billboard.com/charts/hot-100/1979-09-29,9/29/1979,32,The Main Event/Fight,Barbra Streisand,1,19,3,16,rock,1979-09-29,1979,9,soft rock,16,3,1979,16,3,Barbra Streisand,The Main Event/Fight
Hope You Get Lonely TonightCole Swindell,Cole Swindell,Hope You Get Lonely Tonight,"['contemporary country', 'country', 'country road', 'modern country rock']",5BtS8w1kkjLV1BbvB0t12u,https://p.scdn.co/mp3-preview/1a2bdb560945d66ce2dede2563ffbefee4336d4b?cid=b8d3901151d34489a160e3cf0ab1fa94,Cole Swindell,FALSE,227986,55,0.45,0.795,10,-4.249,1,0.0355,0.103,0,0.166,0.364,151.884,4,http://www.billboard.com/charts/hot-100/2014-06-28,6/28/2014,99,Hope You Get Lonely Tonight,Cole Swindell,1,NA,99,1,rock,2014-06-28,2014,6,country rock,1,99,2014,1,99,Cole Swindell,Hope You Get Lonely Tonight
Something Happened On The Way To HeavenPhil Collins,Phil Collins,Something Happened On The Way To Heaven,"['mellow gold', 'soft rock']",4ziqqoW1o3P5EhNqK6CPb1,https://p.scdn.co/mp3-preview/fdef81cf0864890434dd22423fd77ba6043b4df8?cid=b8d3901151d34489a160e3cf0ab1fa94,...But Seriously (Deluxe Edition),FALSE,291586,58,0.656,0.88,5,-4.137,0,0.0287,0.184,0.00609,0.272,0.88,114.613,4,http://www.billboard.com/charts/hot-100/1990-08-11,8/11/1990,46,Something Happened On The Way To Heaven,Phil Collins,1,62,46,2,rock,1990-08-11,1990,8,soft rock,2,46,1990,2,46,Phil Collins,Something Happened On The Way To Heaven
Another Day/Oh Woman Oh WhyPaul McCartney,Paul McCartney,Another Day/Oh Woman Oh Why,"['album rock', 'classic rock', 'folk rock', 'mellow gold', 'rock', 'soft rock']",NA,NA,NA,NA,NA,NA,NA,NA,NA,NA,NA,NA,NA,NA,NA,NA,NA,NA,http://www.billboard.com/charts/hot-100/1971-05-01,5/1/1971,8,Another Day/Oh Woman Oh Why,Paul McCartney,1,5,5,9,rock,1971-05-01,1971,5,classic,9,5,1971,9,5,Paul McCartney,Another Day/Oh Woman Oh Why
Let The Feeling FlowPeabo Bryson,Peabo Bryson,Let The Feeling Flow,"['adult standards', 'new jack swing', 'quiet storm', 'soft rock', 'urban contemporary']",0Z84rtLysGMfBAAQciFGyM,NA,The Peabo Bryson Collection,FALSE,256116,29,0.577,0.336,4,-13.608,1,0.0394,0.794,0,0.115,0.532,119.246,4,http://www.billboard.com/charts/hot-100/1982-02-20,2/20/1982,43,Let The Feeling Flow,Peabo Bryson,1,47,43,7,rock,1982-02-20,1982,2,soft rock,7,43,1982,7,43,Peabo Bryson,Let The Feeling Flow
Jumpin' Jack FlashThe Rolling Stones,The Rolling Stones,Jumpin' Jack Flash,"['album rock', 'british invasion', 'classic rock', 'protopunk', 'rock']",55LRDFmsuazr533WrtHHW9,NA,The Rolling Stones In Mono (Remastered 2016),FALSE,219466,66,0.596,0.901,3,-7.373,1,0.0482,0.0362,0.749,0.0698,0.621,137.359,4,http://www.billboard.com/charts/hot-100/1968-06-15,6/15/1968,38,Jumpin' Jack Flash,The Rolling Stones,1,62,38,2,rock,1968-06-15,1968,6,british,2,38,1968,2,38,The Rolling Stones,Jumpin' Jack Flash
Crown Of CreationJefferson Airplane,Jefferson Airplane,Crown Of Creation,"['album rock', 'art rock', 'blues rock', 'classic rock', 'folk rock', 'psychedelic rock', 'rock', 'roots rock']",1JSkbxhF7tLSC7br7ZSlnX,https://p.scdn.co/mp3-preview/efc40ca71eea12191508568e6a50f0672ae69d6e?cid=b8d3901151d34489a160e3cf0ab1fa94,Crown Of Creation,FALSE,174333,31,0.396,0.546,11,-10.234,0,0.0364,0.34,0.0074400000000000004,0.162,0.503,135.148,4,http://www.billboard.com/charts/hot-100/1968-11-09,11/9/1968,91,Crown Of Creation,Jefferson Airplane,1,91,91,2,rock,1968-11-09,1968,11,blues,2,91,1968,2,91,Jefferson Airplane,Crown Of Creation
I Love The Way You Love MeJohn Michael Montgomery,John Michael Montgomery,I Love The Way You Love Me,"['contemporary country', 'country', 'country road', 'country rock']",6MnDkyb3VstTCT9ELxjfeE,https://p.scdn.co/mp3-preview/77273cf7ee146d2f65382779cab06e909a4f6d05?cid=b8d3901151d34489a160e3cf0ab1fa94,Greatest Hits,FALSE,241306,51,0.447,0.319,8,-10.732,1,0.0264,0.63,1.35e-6,0.106,0.246,162.109,4,http://www.billboard.com/charts/hot-100/1993-07-10,7/10/1993,74,I Love The Way You Love Me,John Michael Montgomery,1,73,60,10,rock,1993-07-10,1993,7,country rock,10,60,1993,10,60,John Michael Montgomery,I Love The Way You Love Me
LightsJourney,Journey,Lights,"['album rock', 'classic rock', 'hard rock', 'mellow gold', 'rock', 'soft rock']",7EHmKkyAr6MZv5Y2FdZbXw,https://p.scdn.co/mp3-preview/51c5e725889996cb3cdf92ba06927bd161f7a8f9?cid=b8d3901151d34489a160e3cf0ab1fa94,Infinity,FALSE,190333,60,0.193,0.5,7,-9.903,1,0.0381,0.108,0.0067,0.332,0.354,207.639,3,http://www.billboard.com/charts/hot-100/1993-02-27,2/27/1993,99,Lights,Journey,3,96,74,17,rock,1993-02-27,1993,2,hard,17,74,1993,17,74,Journey,Lights
Just As I AmAir Supply,Air Supply,Just As I Am,"['adult standards', 'mellow gold', 'soft rock']",6t3AWR3OsMKJGLc5ti1FoM,https://p.scdn.co/mp3-preview/c3a303f1b56a02f3505112034126d9b526c154ce?cid=b8d3901151d34489a160e3cf0ab1fa94,Ultimate Air Supply,FALSE,283000,49,0.412,0.53,2,-6.912,1,0.0249,0.219,0,0.121,0.551,76.262,4,http://www.billboard.com/charts/hot-100/1985-07-27,7/27/1985,21,Just As I Am,Air Supply,1,19,19,10,rock,1985-07-27,1985,7,soft rock,10,19,1985,10,19,Air Supply,Just As I Am
Send The Pain BelowChevelle,Chevelle,Send The Pain Below,"['alternative metal', 'christian rock', 'industrial metal', 'nu metal', 'post-grunge', 'rap rock', 'rock']",6dRAAG4sB71NAtVCHJep7s,https://p.scdn.co/mp3-preview/821280dfe249ac354552dc1491eac380c2c11369?cid=b8d3901151d34489a160e3cf0ab1fa94,Wonder What's Next (Expanded Edition),FALSE,252360,65,0.468,0.851,11,-3.617,1,0.0398,2.81e-4,0.00483,0.0644,0.293,92.079,4,http://www.billboard.com/charts/hot-100/2003-06-14,6/14/2003,79,Send The Pain Below,Chevelle,1,79,72,6,rock,2003-06-14,2003,6,metal,6,72,2003,6,72,Chevelle,Send The Pain Below
Night MovesBob Seger,Bob Seger,Night Moves,"['album rock', 'classic rock', 'folk rock', 'hard rock', 'heartland rock', 'mellow gold', 'rock', 'soft rock']",6UBjSnyP1O5W5ndJoO9vUk,NA,Night Moves,FALSE,324422,70,0.705,0.743,1,-6.631,1,0.042,0.432,0.0133,0.103,0.374,118.552,4,http://www.billboard.com/charts/hot-100/1977-04-30,4/30/1977,93,Night Moves,Bob Seger,1,81,4,21,rock,1977-04-30,1977,4,hard,21,4,1977,21,4,Bob Seger,Night Moves
"See Me, Feel MeThe Who",The Who,"See Me, Feel Me","['album rock', 'art rock', 'british invasion', 'classic rock', 'folk rock', 'hard rock', 'mellow gold', 'protopunk', 'rock', 'roots rock']",7HVLE4CWBQjQi3Vyiz0fbe,NA,The Who Hits 50 (Deluxe),FALSE,216596,39,0.375,0.336,0,-10.513,1,0.0308,0.0914,0,0.077,0.0759,93.988,4,http://www.billboard.com/charts/hot-100/1970-10-03,10/3/1970,61,"See Me, Feel Me",The Who,1,75,61,2,rock,1970-10-03,1970,10,british,2,61,1970,2,61,The Who,"See Me, Feel Me"
I'd Do Anything For Love (But I Won't Do That)Meat Loaf,Meat Loaf,I'd Do Anything For Love (But I Won't Do That),"['album rock', 'mellow gold', 'rock', 'soft rock']",391CwgcBxvUHmEKda2b5In,NA,Bat Out Of Hell II: Back Into Hell,FALSE,316466,60,0.417,0.659,2,-6.385,1,0.113,0.602,0,0.419,0.339,104.818,4,http://www.billboard.com/charts/hot-100/1993-10-23,10/23/1993,3,I'd Do Anything For Love (But I Won't Do That),Meat Loaf,1,6,3,6,rock,1993-10-23,1993,10,soft rock,6,3,1993,6,3,Meat Loaf,I'd Do Anything For Love (But I Won't Do That)
If I Were A Carpenter...Leon Russell,Leon Russell,If I Were A Carpenter...,"['blues rock', 'classic rock', 'country rock', 'folk', 'folk rock', 'mellow gold', 'outlaw country', 'piano rock', 'roots rock', 'singer-songwriter', 'soft rock', 'traditional folk']",05Mxds8IJ9QZCbOZiLxhAt,NA,Stop All That Jazz,FALSE,231000,20,0.742,0.449,7,-9.307,1,0.0294,0.784,7.27e-5,0.129,0.79,100.337,4,http://www.billboard.com/charts/hot-100/1974-04-20,4/20/1974,96,If I Were A Carpenter...,Leon Russell,1,NA,96,1,rock,1974-04-20,1974,4,blues,1,96,1974,1,96,Leon Russell,If I Were A Carpenter...
Sometimes She CriesWarrant,Warrant,Sometimes She Cries,"['album rock', 'glam metal', 'hard rock', 'rock']",0m5RdyFFcOKhut3sGkeWHG,https://p.scdn.co/mp3-preview/c5df753ad19863329c6df69c8d5254f6f9b880c3?cid=b8d3901151d34489a160e3cf0ab1fa94,Dirty Rotten Filthy Stinking Rich,FALSE,283794,52,0.446,0.523,11,-11.716,1,0.027,0.00254,6.12e-6,0.349,0.655,146.482,4,http://www.billboard.com/charts/hot-100/1990-03-24,3/24/1990,27,Sometimes She Cries,Warrant,1,20,20,12,rock,1990-03-24,1990,3,metal,12,20,1990,12,20,Warrant,Sometimes She Cries
What Kind Of FoolBarbra Streisand & Barry Gibb,Barbra Streisand & Barry Gibb,What Kind Of Fool,"['adult standards', 'hollywood', 'mellow gold', 'soft rock']",6qLfdfOdfrpD1B0V67eJpy,https://p.scdn.co/mp3-preview/1e232f7c8f54653d86a6b8817a5923a57b93058f?cid=b8d3901151d34489a160e3cf0ab1fa94,Guilty,FALSE,245640,54,0.511,0.245,2,-16.755,1,0.0396,0.39,0,0.401,0.143,79.88,4,http://www.billboard.com/charts/hot-100/1981-03-21,3/21/1981,10,What Kind Of Fool,Barbra Streisand & Barry Gibb,1,12,10,8,rock,1981-03-21,1981,3,soft rock,8,10,1981,8,10,Barbra Streisand & Barry Gibb,What Kind Of Fool
ToesZac Brown Band,Zac Brown Band,Toes,"['contemporary country', 'country', 'country road', 'modern country rock']",5kjyiH6but1t2UDXq15aeS,https://p.scdn.co/mp3-preview/fdc8ad2df2713877ac2b3f23b0f013431c0a88c8?cid=b8d3901151d34489a160e3cf0ab1fa94,The Foundation,FALSE,262773,71,0.8,0.759,11,-5.398,1,0.0378,0.655,0,0.0897,0.821,129.979,4,http://www.billboard.com/charts/hot-100/2009-09-12,9/12/2009,40,Toes,Zac Brown Band,1,49,40,6,rock,2009-09-12,2009,9,country rock,6,40,2009,6,40,Zac Brown Band,Toes
Creepin'Eric Church,Eric Church,Creepin',"['contemporary country', 'country', 'country road', 'modern country rock']",2krJlC7MXXpOdPipgc0TaS,NA,Chief,FALSE,232720,57,0.464,0.889,5,-5.042,1,0.0497,0.0389,0.0272,0.31,0.539,87.858,4,http://www.billboard.com/charts/hot-100/2012-09-15,9/15/2012,91,Creepin',Eric Church,1,95,91,2,rock,2012-09-15,2012,9,country rock,2,91,2012,2,91,Eric Church,Creepin'
FadeStaind,Staind,Fade,"['alternative metal', 'nu metal', 'post-grunge', 'rap rock', 'rock']",70b6WxS0cjxbQqvdu4Q4Sa,https://p.scdn.co/mp3-preview/5f5975b6fefcf400007655aa5043ef67d850e061?cid=b8d3901151d34489a160e3cf0ab1fa94,Break the Cycle,FALSE,242600,47,0.471,0.846,1,-3.632,1,0.0416,0.00209,0.0369,0.126,0.255,116.469,4,http://www.billboard.com/charts/hot-100/2002-01-05,1/5/2002,71,Fade,Staind,1,76,62,12,rock,2002-01-05,2002,1,metal,12,62,2002,12,62,Staind,Fade
CalifornicationRed Hot Chili Peppers,Red Hot Chili Peppers,Californication,"['alternative rock', 'funk metal', 'funk rock', 'permanent wave', 'post-grunge', 'rock']",48UPSzbZjgc449aqz8bxox,https://p.scdn.co/mp3-preview/175ce440229d2fb5361756f3e68c9647b86a8eee?cid=b8d3901151d34489a160e3cf0ab1fa94,Californication (Deluxe Edition),FALSE,329733,82,0.592,0.767,9,-2.788,0,0.027,0.0021,0.00165,0.127,0.328,96.483,4,http://www.billboard.com/charts/hot-100/2000-11-04,11/4/2000,77,Californication,Red Hot Chili Peppers,1,75,69,15,rock,2000-11-04,2000,11,metal,15,69,2000,15,69,Red Hot Chili Peppers,Californication
Out Of TimeThe Rolling Stones,The Rolling Stones,Out Of Time,"['album rock', 'british invasion', 'classic rock', 'protopunk', 'rock']",5RFYhFsx88Ged9UNmv5ORj,NA,Aftermath (UK Version),FALSE,336893,47,0.655,0.626,7,-10.756,1,0.0833,0.66,0,0.123,0.76,126.657,4,http://www.billboard.com/charts/hot-100/1975-08-30,8/30/1975,85,Out Of Time,The Rolling Stones,1,90,85,2,rock,1975-08-30,1975,8,british,2,85,1975,2,85,The Rolling Stones,Out Of Time
Got A Hold On MeChristine McVie,Christine McVie,Got A Hold On Me,"['mellow gold', 'soft rock', 'yacht rock']",0FCgqHNdcbhGIEmU8r6ZF1,https://p.scdn.co/mp3-preview/56660078843372f457dee8867bf47278e40e9639?cid=b8d3901151d34489a160e3cf0ab1fa94,Christine McVie,FALSE,232906,46,0.75,0.787,4,-5.127,1,0.0292,0.144,1.88e-5,0.0513,0.718,129.37,4,http://www.billboard.com/charts/hot-100/1984-03-03,3/3/1984,17,Got A Hold On Me,Christine McVie,1,21,17,6,rock,1984-03-03,1984,3,soft rock,6,17,1984,6,17,Christine McVie,Got A Hold On Me
Could It Be I'm Falling In LoveThe Spinners,The Spinners,Could It Be I'm Falling In Love,"['classic soul', 'disco', 'funk', 'mellow gold', 'motown', 'philly soul', 'quiet storm', 'soft rock', 'soul', 'southern soul']",5i0urffBRKl09GSX2Jhdeh,https://p.scdn.co/mp3-preview/9496a6790f98d5f990230152fc08ac431dba0d34?cid=b8d3901151d34489a160e3cf0ab1fa94,Spinners,FALSE,249733,60,0.382,0.727,9,-6.677,0,0.0861,0.729,0,0.196,0.826,207.265,4,http://www.billboard.com/charts/hot-100/1973-03-24,3/24/1973,14,Could It Be I'm Falling In Love,The Spinners,1,7,4,13,rock,1973-03-24,1973,3,classic,13,4,1973,13,4,The Spinners,Could It Be I'm Falling In Love
Run To MeBee Gees,Bee Gees,Run To Me,"['adult standards', 'disco', 'mellow gold', 'soft rock']",4zK1pYVKMB13es6Bim0muF,NA,To Whom It May Concern,FALSE,191600,49,0.45,0.344,9,-13.824,1,0.0338,0.467,3.09e-5,0.135,0.281,73.114,4,http://www.billboard.com/charts/hot-100/1972-10-14,10/14/1972,57,Run To Me,Bee Gees,1,34,16,12,rock,1972-10-14,1972,10,soft rock,12,16,1972,12,16,Bee Gees,Run To Me
Scar TissueRed Hot Chili Peppers,Red Hot Chili Peppers,Scar Tissue,"['alternative rock', 'funk metal', 'funk rock', 'permanent wave', 'post-grunge', 'rock']",1G391cbiT3v3Cywg8T7DM1,https://p.scdn.co/mp3-preview/8602533a3ae6da937635c5fd8ae270d53ad291dc?cid=b8d3901151d34489a160e3cf0ab1fa94,Californication (Deluxe Edition),FALSE,215906,78,0.595,0.717,0,-4.803,1,0.0295,0.0779,0.00274,0.108,0.547,88.969,4,http://www.billboard.com/charts/hot-100/1999-07-24,7/24/1999,45,Scar Tissue,Red Hot Chili Peppers,1,45,45,8,rock,1999-07-24,1999,7,metal,8,45,1999,8,45,Red Hot Chili Peppers,Scar Tissue
Alive AgainChicago,Chicago,Alive Again,"['adult standards', 'album rock', 'classic rock', 'folk rock', 'mellow gold', 'rock', 'soft rock', 'yacht rock']",69kBU36OR6j8apeZhQIPcu,https://p.scdn.co/mp3-preview/cf035f4d0765d7e9e7d39e22465ce1dc83a77725?cid=b8d3901151d34489a160e3cf0ab1fa94,The Very Best of Chicago: Only the Beginning,FALSE,247960,20,0.612,0.865,10,-7.612,1,0.045,0.00674,0.00852,0.205,0.625,125.616,4,http://www.billboard.com/charts/hot-100/1978-11-04,11/4/1978,21,Alive Again,Chicago,1,40,21,3,rock,1978-11-04,1978,11,classic,3,21,1978,3,21,Chicago,Alive Again
I'd Do Anything For Love (But I Won't Do That)Meat Loaf,Meat Loaf,I'd Do Anything For Love (But I Won't Do That),"['album rock', 'mellow gold', 'rock', 'soft rock']",391CwgcBxvUHmEKda2b5In,NA,Bat Out Of Hell II: Back Into Hell,FALSE,316466,60,0.417,0.659,2,-6.385,1,0.113,0.602,0,0.419,0.339,104.818,4,http://www.billboard.com/charts/hot-100/1994-02-12,2/12/1994,50,I'd Do Anything For Love (But I Won't Do That),Meat Loaf,1,45,1,22,rock,1994-02-12,1994,2,soft rock,22,1,1994,22,1,Meat Loaf,I'd Do Anything For Love (But I Won't Do That)
Tough Little BoysGary Allan,Gary Allan,Tough Little Boys,"['contemporary country', 'country', 'country road', 'modern country rock']",6TZEPo10yErUtF5AtdfLY2,NA,See If I Care,FALSE,237333,48,0.542,0.397,2,-8.571,1,0.0251,0.685,1.42e-4,0.143,0.239,84.221,4,http://www.billboard.com/charts/hot-100/2003-12-20,12/20/2003,79,Tough Little Boys,Gary Allan,1,76,32,18,rock,2003-12-20,2003,12,country rock,18,32,2003,18,32,Gary Allan,Tough Little Boys
This AfternoonNickelback,Nickelback,This Afternoon,"['alternative metal', 'canadian rock', 'nu metal', 'post-grunge']",1RG8MABX0VciDk6WYb8pBv,https://p.scdn.co/mp3-preview/6de36bb74bce05ab7c22f8ce28a45b4966bf4b39?cid=b8d3901151d34489a160e3cf0ab1fa94,Dark Horse,FALSE,273493,61,0.507,0.875,7,-7.697,1,0.0389,0.00257,0,0.346,0.647,160.079,4,http://www.billboard.com/charts/hot-100/2010-09-04,9/4/2010,98,This Afternoon,Nickelback,1,84,34,20,rock,2010-09-04,2010,9,metal,20,34,2010,20,34,Nickelback,This Afternoon
Kissin' TimeKISS,KISS,Kissin' Time,"['album rock', 'classic rock', 'glam rock', 'hard rock', 'metal', 'rock']",5JifVj0BnV1Uwk57mAqgq1,NA,Kiss,FALSE,232573,33,0.495,0.858,6,-6.921,1,0.0655,0.042,7.95e-5,0.0993,0.923,122.999,4,http://www.billboard.com/charts/hot-100/1974-06-22,6/22/1974,83,Kissin' Time,KISS,1,86,83,5,rock,1974-06-22,1974,6,metal,5,83,1974,5,83,KISS,Kissin' Time
Hold On Loosely38 Special,38 Special,Hold On Loosely,"['album rock', 'classic rock', 'country rock', 'folk rock', 'glam metal', 'hard rock', 'mellow gold', 'rock', 'soft rock', 'southern rock']",6hQszXJIYhtjmSTmDqZpeU,NA,20th Century Masters The Millennium Collection: Best of 38 Special,FALSE,279893,61,0.546,0.721,9,-5.47,1,0.03,0.00762,9.37e-5,0.0821,0.826,127.222,4,http://www.billboard.com/charts/hot-100/1981-04-11,4/11/1981,42,Hold On Loosely,38 Special,1,45,42,7,rock,1981-04-11,1981,4,metal,7,42,1981,7,42,38 Special,Hold On Loosely
I'm On FireBruce Springsteen,Bruce Springsteen,I'm On Fire,"['heartland rock', 'mellow gold', 'permanent wave', 'rock', 'singer-songwriter']",3PzsbWSQdLCKDLxn7YZfkM,https://p.scdn.co/mp3-preview/f3bae9928744d8a6840dc8bf43a5ed1416adadff?cid=b8d3901151d34489a160e3cf0ab1fa94,Born In The U.S.A.,FALSE,155880,74,0.62,0.446,1,-14.451,0,0.0347,0.589,0.0299,0.0727,0.868,88.591,4,http://www.billboard.com/charts/hot-100/1985-02-16,2/16/1985,54,I'm On Fire,Bruce Springsteen,1,NA,54,1,rock,1985-02-16,1985,2,permanent wave,1,54,1985,1,54,Bruce Springsteen,I'm On Fire
Carefree HighwayGordon Lightfoot,Gordon Lightfoot,Carefree Highway,"['album rock', 'canadian country', 'canadian folk', 'canadian singer-songwriter', 'classic rock', 'country rock', 'folk', 'folk rock', 'mellow gold', 'rock', 'roots rock', 'singer-songwriter', 'soft rock', 'traditional folk']",59EupkPF0AA5nu0qDo5FlK,https://p.scdn.co/mp3-preview/beac26112f8bd145cbf458cb43430b7bb90dedec?cid=b8d3901151d34489a160e3cf0ab1fa94,Sundown,FALSE,222133,51,0.538,0.346,4,-14.403,1,0.0252,0.466,1.24e-5,0.0929,0.459,85.031,4,http://www.billboard.com/charts/hot-100/1974-10-05,10/5/1974,35,Carefree Highway,Gordon Lightfoot,1,46,35,6,rock,1974-10-05,1974,10,classic,6,35,1974,6,35,Gordon Lightfoot,Carefree Highway
Something Happened On The Way To HeavenPhil Collins,Phil Collins,Something Happened On The Way To Heaven,"['mellow gold', 'soft rock']",4ziqqoW1o3P5EhNqK6CPb1,https://p.scdn.co/mp3-preview/fdef81cf0864890434dd22423fd77ba6043b4df8?cid=b8d3901151d34489a160e3cf0ab1fa94,...But Seriously (Deluxe Edition),FALSE,291586,58,0.656,0.88,5,-4.137,0,0.0287,0.184,0.00609,0.272,0.88,114.613,4,http://www.billboard.com/charts/hot-100/1990-12-01,12/1/1990,74,Something Happened On The Way To Heaven,Phil Collins,1,64,4,18,rock,1990-12-01,1990,12,soft rock,18,4,1990,18,4,Phil Collins,Something Happened On The Way To Heaven
We're An American BandGrand Funk,Grand Funk,We're An American Band,"['album rock', 'art rock', 'blues rock', 'classic rock', 'country rock', 'folk rock', 'hard rock', 'mellow gold', 'psychedelic rock', 'rock', 'soft rock', 'symphonic rock']",3XcjIvaZVUFAIdIYZqY9bd,NA,We're An American Band (Remastered / Bonus Track),FALSE,207093,60,0.637,0.89,7,-4.872,1,0.0677,0.119,6.72e-5,0.103,0.923,127.689,4,http://www.billboard.com/charts/hot-100/1973-11-17,11/17/1973,44,We're An American Band,Grand Funk,1,34,1,17,rock,1973-11-17,1973,11,blues,17,1,1973,17,1,Grand Funk,We're An American Band
When She CriesRestless Heart,Restless Heart,When She Cries,"['country', 'country rock']",61EQfJXizp4MIpLYWyLoQI,https://p.scdn.co/mp3-preview/ddc75be47decfb6afa28e3a667852f698514e7a8?cid=b8d3901151d34489a160e3cf0ab1fa94,Greatest Hits,FALSE,222186,57,0.666,0.521,9,-10.993,1,0.0292,0.114,0,0.0604,0.361,105.223,4,http://www.billboard.com/charts/hot-100/1992-12-26,12/26/1992,18,When She Cries,Restless Heart,1,21,18,7,rock,1992-12-26,1992,12,country rock,7,18,1992,7,18,Restless Heart,When She Cries
Did It For The GirlGreg Bates,Greg Bates,Did It For The Girl,"['country road', 'modern country rock']",0d3P3GZGU7G3L1cIFLAbqj,NA,Greg Bates EP,FALSE,191293,46,0.483,0.719,5,-4.939,1,0.0289,0.0205,2.66e-6,0.361,0.739,203.866,4,http://www.billboard.com/charts/hot-100/2012-12-15,12/15/2012,68,Did It For The Girl,Greg Bates,1,70,68,11,rock,2012-12-15,2012,12,country rock,11,68,2012,11,68,Greg Bates,Did It For The Girl
Still The SameBob Seger & The Silver Bullet Band,Bob Seger & The Silver Bullet Band,Still The Same,"['album rock', 'classic rock', 'folk rock', 'hard rock', 'heartland rock', 'mellow gold', 'rock', 'soft rock']",1Ryxsiacu8pUXIMCVnIQ8J,NA,Stranger In Town,FALSE,203546,65,0.709,0.767,0,-6.732,1,0.0283,0.405,1.72e-4,0.0592,0.557,115.64,4,http://www.billboard.com/charts/hot-100/1978-06-03,6/3/1978,30,Still The Same,Bob Seger & The Silver Bullet Band,1,47,30,4,rock,1978-06-03,1978,6,hard,4,30,1978,4,30,Bob Seger & The Silver Bullet Band,Still The Same
My MariaBrooks & Dunn,Brooks & Dunn,My Maria,"['contemporary country', 'country', 'country road', 'country rock']",09qzRI951OVkXGCc33gzcT,https://p.scdn.co/mp3-preview/299fb27c8d7bc5fbf78476cee69496de772d8399?cid=b8d3901151d34489a160e3cf0ab1fa94,#1s ... and then some,FALSE,208106,67,0.673,0.842,3,-4.627,1,0.0365,0.06,2.57e-4,0.184,0.897,125.571,4,http://www.billboard.com/charts/hot-100/1996-04-27,4/27/1996,96,My Maria,Brooks & Dunn,1,NA,96,1,rock,1996-04-27,1996,4,country rock,1,96,1996,1,96,Brooks & Dunn,My Maria
Born To Be My BabyBon Jovi,Bon Jovi,Born To Be My Baby,"['glam metal', 'rock']",50ZpPgU81payZxI2H7QXNM,NA,New Jersey (Deluxe Edition),FALSE,280106,62,0.534,0.959,7,-4.289,1,0.0379,0.0089,0,0.347,0.756,131.278,4,http://www.billboard.com/charts/hot-100/1989-01-21,1/21/1989,11,Born To Be My Baby,Bon Jovi,1,13,11,9,rock,1989-01-21,1989,1,metal,9,11,1989,9,11,Bon Jovi,Born To Be My Baby
Emotional RescueThe Rolling Stones,The Rolling Stones,Emotional Rescue,"['album rock', 'british invasion', 'classic rock', 'protopunk', 'rock']",5IATbFZds3cbOx8YxuMuko,NA,Emotional Rescue (2009 Re-Mastered),FALSE,339400,56,0.68,0.616,10,-5.515,1,0.0664,0.113,0.0853,0.0379,0.8,113.412,4,http://www.billboard.com/charts/hot-100/1980-07-26,7/26/1980,11,Emotional Rescue,The Rolling Stones,1,17,11,4,rock,1980-07-26,1980,7,british,4,11,1980,4,11,The Rolling Stones,Emotional Rescue
You Make Loving FunFleetwood Mac,Fleetwood Mac,You Make Loving Fun,"['album rock', 'classic rock', 'mellow gold', 'rock', 'soft rock', 'yacht rock']",55mQhobuwtY7lfLAXylg1k,https://p.scdn.co/mp3-preview/c82f3cc408e0b63d853fa19cab0a60f5eb8742c5?cid=b8d3901151d34489a160e3cf0ab1fa94,Rumours (Super Deluxe),FALSE,216626,59,0.62,0.604,7,-9.088,0,0.0261,0.0133,0.102,0.104,0.857,126.576,4,http://www.billboard.com/charts/hot-100/1978-01-14,1/14/1978,77,You Make Loving Fun,Fleetwood Mac,1,51,9,14,rock,1978-01-14,1978,1,classic,14,9,1978,14,9,Fleetwood Mac,You Make Loving Fun
Still The SameBob Seger & The Silver Bullet Band,Bob Seger & The Silver Bullet Band,Still The Same,"['album rock', 'classic rock', 'folk rock', 'hard rock', 'heartland rock', 'mellow gold', 'rock', 'soft rock']",1Ryxsiacu8pUXIMCVnIQ8J,NA,Stranger In Town,FALSE,203546,65,0.709,0.767,0,-6.732,1,0.0283,0.405,1.72e-4,0.0592,0.557,115.64,4,http://www.billboard.com/charts/hot-100/1978-05-13,5/13/1978,73,Still The Same,Bob Seger & The Silver Bullet Band,1,NA,73,1,rock,1978-05-13,1978,5,hard,1,73,1978,1,73,Bob Seger & The Silver Bullet Band,Still The Same
"Baby, I Love Your WayPeter Frampton",Peter Frampton,"Baby, I Love Your Way","['album rock', 'art rock', 'blues rock', 'british blues', 'classic rock', 'country rock', 'folk rock', 'hard rock', 'heartland rock', 'mellow gold', 'rock', 'roots rock', 'soft rock', 'symphonic rock']",1ksayCHVLH4eKFm43GFokU,NA,Frampton Comes Alive! (Deluxe Edition),FALSE,281066,62,0.48,0.781,7,-5.687,1,0.0305,0.445,4.1e-5,0.807,0.495,142.873,4,http://www.billboard.com/charts/hot-100/1976-07-31,7/31/1976,21,"Baby, I Love Your Way",Peter Frampton,1,28,21,6,rock,1976-07-31,1976,7,blues,6,21,1976,6,21,Peter Frampton,"Baby, I Love Your Way"
Rag DollAerosmith,Aerosmith,Rag Doll,"['album rock', 'classic rock', 'hard rock', 'rock']",2KCJYwlBWxdlwyIYckIf6V,NA,Permanent Vacation,FALSE,265693,60,0.58,0.948,4,-3.892,1,0.0616,0.563,0,0.195,0.6,93.45,4,http://www.billboard.com/charts/hot-100/1988-09-10,9/10/1988,55,Rag Doll,Aerosmith,1,43,17,15,rock,1988-09-10,1988,9,hard,15,17,1988,15,17,Aerosmith,Rag Doll
When The Morning ComesHoyt Axton,Hoyt Axton,When The Morning Comes,"['cosmic american', 'country rock', 'oklahoma country']",NA,NA,NA,NA,NA,NA,NA,NA,NA,NA,NA,NA,NA,NA,NA,NA,NA,NA,http://www.billboard.com/charts/hot-100/1974-07-06,7/6/1974,54,When The Morning Comes,Hoyt Axton,1,54,54,6,rock,1974-07-06,1974,7,country rock,6,54,1974,6,54,Hoyt Axton,When The Morning Comes
Your Mama Don't DancePoison,Poison,Your Mama Don't Dance,"['album rock', 'glam metal', 'hard rock', 'rock']",0FO5CkdIFiKOJNETXTyCMS,NA,Open Up And Say...Ahh! (20th Anniversary Edition),FALSE,180493,50,0.534,0.931,1,-3.606,1,0.0613,0.0185,0,0.193,0.832,150.359,4,http://www.billboard.com/charts/hot-100/1989-04-15,4/15/1989,10,Your Mama Don't Dance,Poison,1,13,10,9,rock,1989-04-15,1989,4,metal,9,10,1989,9,10,Poison,Your Mama Don't Dance
Let's Get RockedDef Leppard,Def Leppard,Let's Get Rocked,"['album rock', 'glam metal', 'hard rock', 'nwobhm', 'rock']",0LoH6lFQLNscy3RyljAewK,NA,Adrenalize (Deluxe),FALSE,295957,55,0.564,0.888,5,-6.763,1,0.0325,0.0109,6.68e-5,0.177,0.526,91.989,4,http://www.billboard.com/charts/hot-100/1992-04-18,4/18/1992,27,Let's Get Rocked,Def Leppard,1,27,27,2,rock,1992-04-18,1992,4,metal,2,27,1992,2,27,Def Leppard,Let's Get Rocked
Figured You OutNickelback,Nickelback,Figured You Out,"['alternative metal', 'canadian rock', 'nu metal', 'post-grunge']",1Yuim9eHBfG8YUJII28XDF,https://p.scdn.co/mp3-preview/3bb0ce34b04628d45fa7ef19be09c098d09699f3?cid=b8d3901151d34489a160e3cf0ab1fa94,The Long Road,FALSE,228480,59,0.544,0.867,10,-5.527,1,0.0517,2.63e-5,0.0165,0.266,0.726,93.925,4,http://www.billboard.com/charts/hot-100/2004-03-27,3/27/2004,69,Figured You Out,Nickelback,1,65,65,8,rock,2004-03-27,2004,3,metal,8,65,2004,8,65,Nickelback,Figured You Out
If Heaven Wasn't So Far AwayJustin Moore,Justin Moore,If Heaven Wasn't So Far Away,"['arkansas country', 'contemporary country', 'country', 'country road', 'modern country rock', 'redneck']",0aW7CSfoMBKBzLE7VerHyn,NA,Outlaws Like Me,FALSE,223280,59,0.374,0.657,11,-6.086,1,0.0325,0.0434,0,0.219,0.376,74.234,4,http://www.billboard.com/charts/hot-100/2011-04-23,4/23/2011,69,If Heaven Wasn't So Far Away,Justin Moore,1,62,62,3,rock,2011-04-23,2011,4,country rock,3,62,2011,3,62,Justin Moore,If Heaven Wasn't So Far Away
TornadoLittle Big Town,Little Big Town,Tornado,"['contemporary country', 'country', 'country dawn', 'country road', 'modern country rock']",3HvNzmI0hX2dXcE41lBMxi,NA,Tornado,FALSE,223573,50,0.739,0.696,3,-5.149,0,0.0247,0.0459,9.61e-5,0.107,0.492,97.004,4,http://www.billboard.com/charts/hot-100/2012-12-08,12/8/2012,83,Tornado,Little Big Town,1,88,83,3,rock,2012-12-08,2012,12,country rock,3,83,2012,3,83,Little Big Town,Tornado
Staring At The SunU2,U2,Staring At The Sun,"['irish rock', 'permanent wave', 'rock']",3fsTb3a8l5kJrtzpl04Ljr,NA,Pop,FALSE,276800,56,0.533,0.702,9,-8.504,0,0.0265,0.0549,0.0221,0.27,0.515,140.201,4,http://www.billboard.com/charts/hot-100/1997-07-05,7/5/1997,61,Staring At The Sun,U2,1,56,26,11,rock,1997-07-05,1997,7,permanent wave,11,26,1997,11,26,U2,Staring At The Sun
Baby GirlSugarland,Sugarland,Baby Girl,"['contemporary country', 'country', 'country dawn', 'country road', 'modern country rock']",6qQIH999KekS3qFWqR5qMO,NA,Baby Girl,FALSE,239693,51,0.436,0.736,1,-3.201,1,0.0333,0.215,0,0.0488,0.583,166.819,4,http://www.billboard.com/charts/hot-100/2005-01-29,1/29/2005,69,Baby Girl,Sugarland,1,81,69,8,rock,2005-01-29,2005,1,country rock,8,69,2005,8,69,Sugarland,Baby Girl
Headed For A HeartbreakWinger,Winger,Headed For A Heartbreak,"['album rock', 'glam metal', 'hard rock', 'rock', 'sleaze rock']",2XbxWdh1e6Tyku9pbaXlFI,https://p.scdn.co/mp3-preview/01276d4c919853421c6b21194239036ba5e40c3a?cid=b8d3901151d34489a160e3cf0ab1fa94,Winger,FALSE,312600,48,0.462,0.507,2,-13.849,0,0.0308,0.022,6.34e-4,0.253,0.386,134.253,4,http://www.billboard.com/charts/hot-100/1989-06-10,6/10/1989,78,Headed For A Heartbreak,Winger,1,94,78,2,rock,1989-06-10,1989,6,metal,2,78,1989,2,78,Winger,Headed For A Heartbreak
(Ghost) Riders In The SkyRamrods,Ramrods,(Ghost) Riders In The Sky,['classic garage rock'],5eUVr9Ja4GK6e1lcIXjML7,https://p.scdn.co/mp3-preview/19307e9a712d0793f222261d891c1b741888124e?cid=b8d3901151d34489a160e3cf0ab1fa94,Ghost Riders in the Sky,FALSE,156933,24,0.442,0.717,9,-9.943,0,0.0395,0.518,0.262,0.184,0.376,120.914,4,http://www.billboard.com/charts/hot-100/1961-01-21,1/21/1961,81,(Ghost) Riders In The Sky,Ramrods,1,84,81,3,rock,1961-01-21,1961,1,classic,3,81,1961,3,81,Ramrods,(Ghost) Riders In The Sky
BlurryPuddle Of Mudd,Puddle Of Mudd,Blurry,"['alternative metal', 'alternative rock', 'nu metal', 'post-grunge', 'rap rock', 'rock']",6lSr3iZTC144PKhvbPFzMp,NA,Come Clean,FALSE,304000,67,0.44,0.929,3,-4.494,0,0.0525,0.01,0,0.142,0.495,157.49,4,http://www.billboard.com/charts/hot-100/2002-08-03,8/3/2002,31,Blurry,Puddle Of Mudd,1,27,5,33,rock,2002-08-03,2002,8,metal,33,5,2002,33,5,Puddle Of Mudd,Blurry
Two Out Of Three Ain't BadMeat Loaf,Meat Loaf,Two Out Of Three Ain't Bad,"['album rock', 'mellow gold', 'rock', 'soft rock']",2ph0hzV1kCVhR82E2La4q5,https://p.scdn.co/mp3-preview/8d36180f2f4973ff577795f4efc98353fee67e71?cid=b8d3901151d34489a160e3cf0ab1fa94,Bat Out Of Hell,FALSE,324440,61,0.586,0.48,9,-9.138,1,0.0243,0.385,0,0.0947,0.488,79.873,4,http://www.billboard.com/charts/hot-100/1978-07-29,7/29/1978,47,Two Out Of Three Ain't Bad,Meat Loaf,1,28,11,20,rock,1978-07-29,1978,7,soft rock,20,11,1978,20,11,Meat Loaf,Two Out Of Three Ain't Bad
Innocent EyesGraham Nash,Graham Nash,Innocent Eyes,"['british folk', 'country rock', 'folk', 'folk rock', 'mellow gold', 'psychedelic rock', 'roots rock', 'singer-songwriter', 'soft rock', 'traditional folk']",5yEjgqVZ3Yy2neTvxt2xbR,https://p.scdn.co/mp3-preview/5e6261fafb83917d3774afc67cf0971c1bdc4b1f?cid=b8d3901151d34489a160e3cf0ab1fa94,Innocent Eyes,FALSE,190306,10,0.596,0.618,4,-11.342,0,0.0292,0.167,2.56e-6,0.0836,0.897,129.738,4,http://www.billboard.com/charts/hot-100/1986-06-07,6/7/1986,99,Innocent Eyes,Graham Nash,1,92,84,7,rock,1986-06-07,1986,6,british,7,84,1986,7,84,Graham Nash,Innocent Eyes
Crash And BurnThomas Rhett,Thomas Rhett,Crash And Burn,"['contemporary country', 'country', 'country road', 'modern country rock']",2Fk0WwAqTBesLtKg97nojy,NA,Tangled Up,FALSE,190733,64,0.693,0.789,5,-5.161,0,0.0315,0.0768,1.19e-6,0.178,0.795,130.025,4,http://www.billboard.com/charts/hot-100/2015-08-22,8/22/2015,41,Crash And Burn,Thomas Rhett,2,43,41,13,rock,2015-08-22,2015,8,country rock,13,41,2015,13,41,Thomas Rhett,Crash And Burn
When She CriesRestless Heart,Restless Heart,When She Cries,"['country', 'country rock']",61EQfJXizp4MIpLYWyLoQI,https://p.scdn.co/mp3-preview/ddc75be47decfb6afa28e3a667852f698514e7a8?cid=b8d3901151d34489a160e3cf0ab1fa94,Greatest Hits,FALSE,222186,57,0.666,0.521,9,-10.993,1,0.0292,0.114,0,0.0604,0.361,105.223,4,http://www.billboard.com/charts/hot-100/1993-03-27,3/27/1993,58,When She Cries,Restless Heart,1,56,11,20,rock,1993-03-27,1993,3,country rock,20,11,1993,20,11,Restless Heart,When She Cries
Make Me WannaThomas Rhett,Thomas Rhett,Make Me Wanna,"['contemporary country', 'country', 'country road', 'modern country rock']",69DR48pXzSabFUfQfDDJDb,NA,It Goes Like This,FALSE,225066,61,0.545,0.818,9,-6.38,1,0.0541,0.0369,0,0.101,0.679,109.019,3,http://www.billboard.com/charts/hot-100/2015-03-07,3/7/2015,45,Make Me Wanna,Thomas Rhett,1,43,43,15,rock,2015-03-07,2015,3,country rock,15,43,2015,15,43,Thomas Rhett,Make Me Wanna
Winds Of ChangeJefferson Starship,Jefferson Starship,Winds Of Change,"['album rock', 'art rock', 'classic rock', 'country rock', 'folk rock', 'hard rock', 'mellow gold', 'rock', 'soft rock', 'symphonic rock']",5LHCFZ5WpuN4Isb8hwGzbU,https://p.scdn.co/mp3-preview/9e1df374038d3411ecfdce8b83a5539ddd3157d7?cid=b8d3901151d34489a160e3cf0ab1fa94,Winds Of Change,FALSE,232480,26,0.481,0.891,4,-4.093,0,0.0993,0.279,1.14e-5,0.171,0.56,128.097,4,http://www.billboard.com/charts/hot-100/1983-02-05,2/5/1983,59,Winds Of Change,Jefferson Starship,1,70,59,2,rock,1983-02-05,1983,2,hard,2,59,1983,2,59,Jefferson Starship,Winds Of Change
Like A StoneAudioslave,Audioslave,Like A Stone,"['alternative metal', 'alternative rock', 'modern rock', 'nu metal', 'permanent wave', 'post-grunge', 'rock']",3YuaBvuZqcwN3CEAyyoaei,https://p.scdn.co/mp3-preview/9fe309d18308f401d3124a322cdb8951a31adca7?cid=b8d3901151d34489a160e3cf0ab1fa94,Audioslave,FALSE,293960,77,0.614,0.568,7,-5.477,0,0.0276,0.00797,0,0.0997,0.516,107.849,4,http://www.billboard.com/charts/hot-100/2003-06-21,6/21/2003,35,Like A Stone,Audioslave,1,36,31,17,rock,2003-06-21,2003,6,metal,17,31,2003,17,31,Audioslave,Like A Stone
All This TimeSting,Sting,All This Time,"['permanent wave', 'soft rock']",2cu8WtQZdxGe3lbetlzeNe,NA,The Soul Cages,FALSE,294333,50,0.64,0.46,2,-13.05,1,0.0361,0.0875,1.59e-4,0.0543,0.416,127.126,4,http://www.billboard.com/charts/hot-100/1991-02-16,2/16/1991,18,All This Time,Sting,1,25,18,5,rock,1991-02-16,1991,2,permanent wave,5,18,1991,5,18,Sting,All This Time
Good DirectionsBilly Currington,Billy Currington,Good Directions,"['contemporary country', 'country', 'country road', 'modern country rock']",7GQjJEwqlp6m5HNWVQd6OR,NA,Doin' Somethin' Right,FALSE,215853,67,0.695,0.731,5,-2.15,1,0.034,0.318,0,0.143,0.497,122.522,4,http://www.billboard.com/charts/hot-100/2007-05-05,5/5/2007,54,Good Directions,Billy Currington,1,55,54,7,rock,2007-05-05,2007,5,country rock,7,54,2007,7,54,Billy Currington,Good Directions
Hey JudeThe Beatles,The Beatles,Hey Jude,"['british invasion', 'merseybeat', 'psychedelic rock', 'rock']",0aym2LBJBk9DAYuHHutrIl,NA,1 (Remastered),FALSE,425653,78,0.386,0.607,10,-7.7,1,0.0261,0.0112,1.38e-5,0.088,0.532,147.207,4,http://www.billboard.com/charts/hot-100/1968-10-26,10/26/1968,1,Hey Jude,The Beatles,1,1,1,7,rock,1968-10-26,1968,10,british,7,1,1968,7,1,The Beatles,Hey Jude
Don't Break My HeartRomeo's Daughter,Romeo's Daughter,Don't Break My Heart,['melodic hard rock'],NA,NA,NA,NA,NA,NA,NA,NA,NA,NA,NA,NA,NA,NA,NA,NA,NA,NA,http://www.billboard.com/charts/hot-100/1988-10-15,10/15/1988,94,Don't Break My Heart,Romeo's Daughter,1,NA,94,1,rock,1988-10-15,1988,10,hard,1,94,1988,1,94,Romeo's Daughter,Don't Break My Heart
Family ManDaryl Hall John Oates,Daryl Hall John Oates,Family Man,"['album rock', 'classic rock', 'mellow gold', 'rock', 'soft rock', 'yacht rock']",5KiDWqKsU0EfXQJdnWSOn9,https://p.scdn.co/mp3-preview/f742a80b7adb45b371cd5bed3d13cff5ff387a73?cid=b8d3901151d34489a160e3cf0ab1fa94,H20,FALSE,204813,47,0.766,0.651,2,-11.41,0,0.0349,0.467,8.26e-5,0.147,0.898,131.485,4,http://www.billboard.com/charts/hot-100/1983-06-25,6/25/1983,6,Family Man,Daryl Hall John Oates,1,10,6,9,rock,1983-06-25,1983,6,classic,9,6,1983,9,6,Daryl Hall John Oates,Family Man
Stay/The Load-OutJackson Browne,Jackson Browne,Stay/The Load-Out,"['album rock', 'classic rock', 'country rock', 'folk', 'folk rock', 'heartland rock', 'mellow gold', 'piano rock', 'rock', 'roots rock', 'singer-songwriter', 'soft rock']",NA,NA,NA,NA,NA,NA,NA,NA,NA,NA,NA,NA,NA,NA,NA,NA,NA,NA,http://www.billboard.com/charts/hot-100/1978-06-10,6/10/1978,73,Stay/The Load-Out,Jackson Browne,1,NA,73,1,rock,1978-06-10,1978,6,classic,1,73,1978,1,73,Jackson Browne,Stay/The Load-Out
Rock MeNick Gilder,Nick Gilder,Rock Me,['classic canadian rock'],3ZmpDiiDtP4GunYIGoOFY1,https://p.scdn.co/mp3-preview/dc29f5c3b8e6527a2dc5aa30699de4897724f5ed?cid=b8d3901151d34489a160e3cf0ab1fa94,Rock America,FALSE,169038,5,0.461,0.784,9,-6.322,1,0.0379,0.109,2.53e-6,0.24,0.606,91.428,4,http://www.billboard.com/charts/hot-100/1979-07-07,7/7/1979,59,Rock Me,Nick Gilder,1,66,59,4,rock,1979-07-07,1979,7,classic,4,59,1979,4,59,Nick Gilder,Rock Me
The Adventures Of Rain Dance MaggieRed Hot Chili Peppers,Red Hot Chili Peppers,The Adventures Of Rain Dance Maggie,"['alternative rock', 'funk metal', 'funk rock', 'permanent wave', 'post-grunge', 'rock']",0PgNhIg5n0UAOBVn43b8b6,https://p.scdn.co/mp3-preview/0e4f5d49100ac661581a36941abc3eab0237ba0d?cid=b8d3901151d34489a160e3cf0ab1fa94,I'm with You,FALSE,282400,68,0.683,0.734,4,-4.523,0,0.029,0.00112,0.0139,0.258,0.576,106.254,4,http://www.billboard.com/charts/hot-100/2011-08-13,8/13/2011,76,The Adventures Of Rain Dance Maggie,Red Hot Chili Peppers,1,38,38,2,rock,2011-08-13,2011,8,metal,2,38,2011,2,38,Red Hot Chili Peppers,The Adventures Of Rain Dance Maggie
KayleighMarillion,Marillion,Kayleigh,"['album rock', 'art rock', 'neo-progressive', 'progressive rock', 'soft rock', 'symphonic rock']",1Dsd1Nu06UbNmelEhPxKgB,https://p.scdn.co/mp3-preview/970be1cba993c810ea0acc130dd5f675e6afa0a6?cid=b8d3901151d34489a160e3cf0ab1fa94,A Singls Collction 1982-1992: Six Of On,FALSE,243413,59,0.562,0.671,2,-7.21,1,0.0269,0.0188,0.00378,0.0947,0.595,106.002,4,http://www.billboard.com/charts/hot-100/1985-10-12,10/12/1985,82,Kayleigh,Marillion,1,89,82,2,rock,1985-10-12,1985,10,soft rock,2,82,1985,2,82,Marillion,Kayleigh
BreakThree Days Grace,Three Days Grace,Break,"['alternative metal', 'canadian metal', 'canadian rock', 'nu metal', 'post-grunge']",4urxRqBRiaH0i20OKBsgxc,https://p.scdn.co/mp3-preview/7786eff13a3e12553df8c890145de98902365fef?cid=b8d3901151d34489a160e3cf0ab1fa94,Life Starts Now,FALSE,193106,64,0.578,0.897,0,-3.906,1,0.0357,6.66e-4,0,0.0924,0.737,115.491,4,http://www.billboard.com/charts/hot-100/2010-01-23,1/23/2010,90,Break,Three Days Grace,1,76,73,18,rock,2010-01-23,2010,1,metal,18,73,2010,18,73,Three Days Grace,Break
Take It To The LimitEagles,Eagles,Take It To The Limit,"['album rock', 'classic rock', 'folk rock', 'heartland rock', 'mellow gold', 'rock', 'soft rock', 'yacht rock']",2cWHN0WK52RGAWHgaDamUA,https://p.scdn.co/mp3-preview/4a967da0de1ea40c9b27718264c33438b19fc018?cid=b8d3901151d34489a160e3cf0ab1fa94,One of These Nights (2013 Remaster),FALSE,287090,63,0.435,0.423,11,-8.795,1,0.024,0.0916,6.59e-4,0.132,0.451,91.137,3,http://www.billboard.com/charts/hot-100/1976-02-07,2/7/1976,19,Take It To The Limit,Eagles,1,24,19,8,rock,1976-02-07,1976,2,classic,8,19,1976,8,19,Eagles,Take It To The Limit
Baby Step BackGordon Lightfoot,Gordon Lightfoot,Baby Step Back,"['album rock', 'canadian country', 'canadian folk', 'canadian singer-songwriter', 'classic rock', 'country rock', 'folk', 'folk rock', 'mellow gold', 'rock', 'roots rock', 'singer-songwriter', 'soft rock', 'traditional folk']",2TwsRVSBmRBqUJRBZJVkaz,https://p.scdn.co/mp3-preview/08fdcdea5d0b26a9c53dd7246386490184f82ff1?cid=b8d3901151d34489a160e3cf0ab1fa94,All Live,FALSE,228880,31,0.698,0.591,1,-9.331,0,0.0301,0.31,0.00192,0.707,0.873,109.979,4,http://www.billboard.com/charts/hot-100/1982-05-01,5/1/1982,53,Baby Step Back,Gordon Lightfoot,1,57,53,5,rock,1982-05-01,1982,5,classic,5,53,1982,5,53,Gordon Lightfoot,Baby Step Back
This Ain't A Love SongBon Jovi,Bon Jovi,This Ain't A Love Song,"['glam metal', 'rock']",0ZLBD6hHGN9LYOtNlu2n8e,NA,These Days,FALSE,306240,61,0.348,0.635,4,-6.836,1,0.0386,0.0932,0,0.126,0.144,87.974,3,http://www.billboard.com/charts/hot-100/1995-10-07,10/7/1995,71,This Ain't A Love Song,Bon Jovi,1,67,14,18,rock,1995-10-07,1995,10,metal,18,14,1995,18,14,Bon Jovi,This Ain't A Love Song
Annie FannyThe Kingsmen,The Kingsmen,Annie Fanny,['classic garage rock'],5PaWiOpagb2p6X8PbFBK1G,https://p.scdn.co/mp3-preview/59519d717d244159138a8d20df9e747bd52b20a4?cid=b8d3901151d34489a160e3cf0ab1fa94,Ya Ya,FALSE,123532,4,0.663,0.399,7,-17.304,1,0.0544,0.503,0,0.195,0.885,131.186,4,http://www.billboard.com/charts/hot-100/1965-09-25,9/25/1965,58,Annie Fanny,The Kingsmen,1,47,47,8,rock,1965-09-25,1965,9,classic,8,47,1965,8,47,The Kingsmen,Annie Fanny
The Spirit Of RadioRush,Rush,The Spirit Of Radio,"['album rock', 'art rock', 'canadian metal', 'classic canadian rock', 'classic rock', 'hard rock', 'metal', 'progressive rock', 'rock']",4e9hUiLsN4mx61ARosFi7p,NA,Permanent Waves,FALSE,296466,64,0.365,0.924,4,-7.066,1,0.0488,0.0144,2.54e-4,0.423,0.632,135.811,4,http://www.billboard.com/charts/hot-100/1980-03-15,3/15/1980,55,The Spirit Of Radio,Rush,1,62,55,4,rock,1980-03-15,1980,3,metal,4,55,1980,4,55,Rush,The Spirit Of Radio
Boys Night OutTimothy B. Schmit,Timothy B. Schmit,Boys Night Out,"['soft rock', 'yacht rock']",1lhNi9EEYs8HvBoBC9RZlf,NA,Timothy B,FALSE,276826,12,0.721,0.433,2,-14.363,0,0.0314,0.141,0,0.23,0.469,95.853,4,http://www.billboard.com/charts/hot-100/1987-11-07,11/7/1987,25,Boys Night Out,Timothy B. Schmit,1,31,25,8,rock,1987-11-07,1987,11,soft rock,8,25,1987,8,25,Timothy B. Schmit,Boys Night Out
My HometownBruce Springsteen,Bruce Springsteen,My Hometown,"['heartland rock', 'mellow gold', 'permanent wave', 'rock', 'singer-songwriter']",6dahFmHrgncgVJjsI1ws7e,https://p.scdn.co/mp3-preview/17fa95b1743a32cd50f3ac9760c4329b55861877?cid=b8d3901151d34489a160e3cf0ab1fa94,Born In The U.S.A.,FALSE,279666,59,0.652,0.338,9,-11.58,1,0.0367,0.486,5.9e-5,0.0744,0.392,116.881,4,http://www.billboard.com/charts/hot-100/1986-03-08,3/8/1986,75,My Hometown,Bruce Springsteen,1,55,6,14,rock,1986-03-08,1986,3,permanent wave,14,6,1986,14,6,Bruce Springsteen,My Hometown
"Hold Me, Thrill Me, Kiss Me, Kill Me (From ""Batman Forever"")U2",U2,"Hold Me, Thrill Me, Kiss Me, Kill Me (From ""Batman Forever"")","['irish rock', 'permanent wave', 'rock']",5TsHqbDKaSs4ECZX0045YS,NA,The Best Of 1990-2000,FALSE,284600,50,0.368,0.852,10,-6.978,0,0.0433,7.47e-5,0.258,0.218,0.347,171.692,4,http://www.billboard.com/charts/hot-100/1995-08-26,8/26/1995,32,"Hold Me, Thrill Me, Kiss Me, Kill Me (From ""Batman Forever"")",U2,1,30,16,10,rock,1995-08-26,1995,8,permanent wave,10,16,1995,10,16,U2,"Hold Me, Thrill Me, Kiss Me, Kill Me (From ""Batman Forever"")"
Help The PoorB.B. King,B.B. King,Help The Poor,"['blues', 'blues rock', 'classic rock', 'electric blues', 'jazz blues', 'soul blues', 'traditional blues']",5qcrexsUJ4AYyxw7zn3YKi,NA,Live At The Regal,FALSE,158333,33,0.678,0.382,2,-10.316,1,0.0422,0.741,0,0.653,0.795,120.643,4,http://www.billboard.com/charts/hot-100/1971-06-12,6/12/1971,92,Help The Poor,B.B. King,2,NA,92,3,rock,1971-06-12,1971,6,blues,3,92,1971,3,92,B.B. King,Help The Poor
Love Ain'tEli Young Band,Eli Young Band,Love Ain't,"['contemporary country', 'country', 'country road', 'heartland rock', 'modern country rock', 'texas country']",6uVzeU47Qzg0rrMneP5BNg,NA,Love Ain't,FALSE,186118,74,0.6,0.851,11,-4.645,1,0.0388,0.00566,9.78e-6,0.0891,0.727,98.007,4,https://www.billboard.com/charts/hot-100/2019-08-17,8/17/2019,87,Love Ain't,Eli Young Band,1,91,50,17,rock,2019-08-17,2019,8,country rock,17,50,2019,17,50,Eli Young Band,Love Ain't
"New York Mining Disaster 1941 (Have You Seen My Wife, Mr. Jones)Bee Gees",Bee Gees,"New York Mining Disaster 1941 (Have You Seen My Wife, Mr. Jones)","['adult standards', 'disco', 'mellow gold', 'soft rock']",NA,NA,NA,NA,NA,NA,NA,NA,NA,NA,NA,NA,NA,NA,NA,NA,NA,NA,http://www.billboard.com/charts/hot-100/1967-07-01,7/1/1967,14,"New York Mining Disaster 1941 (Have You Seen My Wife, Mr. Jones)",Bee Gees,1,16,14,6,rock,1967-07-01,1967,7,soft rock,6,14,1967,6,14,Bee Gees,"New York Mining Disaster 1941 (Have You Seen My Wife, Mr. Jones)"
If Heaven Wasn't So Far AwayJustin Moore,Justin Moore,If Heaven Wasn't So Far Away,"['arkansas country', 'contemporary country', 'country', 'country road', 'modern country rock', 'redneck']",0aW7CSfoMBKBzLE7VerHyn,NA,Outlaws Like Me,FALSE,223280,59,0.374,0.657,11,-6.086,1,0.0325,0.0434,0,0.219,0.376,74.234,4,http://www.billboard.com/charts/hot-100/2011-07-23,7/23/2011,49,If Heaven Wasn't So Far Away,Justin Moore,1,55,49,16,rock,2011-07-23,2011,7,country rock,16,49,2011,16,49,Justin Moore,If Heaven Wasn't So Far Away
Stand By MeMaurice White,Maurice White,Stand By Me,['deep soft rock'],78ed1StERMVBNocbSEQpCF,https://p.scdn.co/mp3-preview/dfd685e8a5008fcca71235081041e8428d85756d?cid=b8d3901151d34489a160e3cf0ab1fa94,Maurice White,FALSE,249640,25,0.77,0.77,11,-9.34,0,0.0313,0.0767,1.21e-5,0.266,0.961,118.268,4,http://www.billboard.com/charts/hot-100/1985-11-23,11/23/1985,91,Stand By Me,Maurice White,1,77,50,13,rock,1985-11-23,1985,11,soft rock,13,50,1985,13,50,Maurice White,Stand By Me
Pretzel LogicSteely Dan,Steely Dan,Pretzel Logic,"['album rock', 'art rock', 'blues rock', 'classic rock', 'folk', 'folk rock', 'mellow gold', 'psychedelic rock', 'rock', 'roots rock', 'soft rock', 'yacht rock']",2TDqa2yNF9qhSmP8gqcleE,NA,Pretzel Logic,FALSE,270533,48,0.48,0.472,7,-11.715,1,0.0631,0.576,0.0102,0.218,0.647,144.142,3,http://www.billboard.com/charts/hot-100/1974-10-12,10/12/1974,89,Pretzel Logic,Steely Dan,1,NA,89,1,rock,1974-10-12,1974,10,blues,1,89,1974,1,89,Steely Dan,Pretzel Logic
I Don't Want To Miss A ThingMark Chesnutt,Mark Chesnutt,I Don't Want To Miss A Thing,"['country', 'country road', 'country rock']",3FN7JMZaaQ9lSzIaan0YZ1,NA,I Don't Want To Miss A Thing,FALSE,246226,41,0.493,0.49,10,-10.316,1,0.0345,0.0329,0,0.245,0.159,122.087,4,http://www.billboard.com/charts/hot-100/1999-01-09,1/9/1999,20,I Don't Want To Miss A Thing,Mark Chesnutt,1,19,19,4,rock,1999-01-09,1999,1,country rock,4,19,1999,4,19,Mark Chesnutt,I Don't Want To Miss A Thing
Where The Streets Have No NameU2,U2,Where The Streets Have No Name,"['irish rock', 'permanent wave', 'rock']",4qgZs0RNjdzKAS22lP0QjY,NA,The Joshua Tree (Super Deluxe),FALSE,337505,67,0.495,0.728,2,-9.549,1,0.0385,0.011,0.00353,0.151,0.218,125.81,4,http://www.billboard.com/charts/hot-100/1987-12-12,12/12/1987,98,Where The Streets Have No Name,U2,1,73,13,14,rock,1987-12-12,1987,12,permanent wave,14,13,1987,14,13,U2,Where The Streets Have No Name
Oh LoveGreen Day,Green Day,Oh Love,"['modern rock', 'permanent wave', 'punk']",1qIgyDoc2rwtq8w49jeWL8,https://p.scdn.co/mp3-preview/2f16da30499965e58801ad4a727d87c0cdaa5e49?cid=b8d3901151d34489a160e3cf0ab1fa94,¡UNO!,FALSE,303293,58,0.427,0.773,8,-4.222,1,0.115,0.00605,4.02e-6,0.0396,0.695,171.806,4,http://www.billboard.com/charts/hot-100/2012-08-25,8/25/2012,100,Oh Love,Green Day,1,NA,100,1,rock,2012-08-25,2012,8,permanent wave,1,100,2012,1,100,Green Day,Oh Love
She's GoneDaryl Hall John Oates,Daryl Hall John Oates,She's Gone,"['album rock', 'classic rock', 'mellow gold', 'rock', 'soft rock', 'yacht rock']",5dFoWIiJ2814hRwMYDcFiU,https://p.scdn.co/mp3-preview/eea95cda99ad0b9d49e30906bfac05475fe6c3cd?cid=b8d3901151d34489a160e3cf0ab1fa94,Abandoned Luncheonette,FALSE,313373,63,0.523,0.341,4,-14.034,1,0.0388,0.313,1.14e-4,0.621,0.355,77.487,4,http://www.billboard.com/charts/hot-100/1974-03-30,3/30/1974,72,She's Gone,Daryl Hall John Oates,1,60,60,8,rock,1974-03-30,1974,3,classic,8,60,1974,8,60,Daryl Hall John Oates,She's Gone
Say You DoDierks Bentley,Dierks Bentley,Say You Do,"['contemporary country', 'country', 'country road', 'modern country rock']",2sE61ZmvYH8wiOx5jygkHH,NA,RISER,FALSE,219360,55,0.477,0.737,3,-8.166,1,0.0345,0.122,0.00167,0.105,0.468,147.959,4,http://www.billboard.com/charts/hot-100/2015-05-23,5/23/2015,66,Say You Do,Dierks Bentley,1,54,52,17,rock,2015-05-23,2015,5,country rock,17,52,2015,17,52,Dierks Bentley,Say You Do
Shape Of Things To ComeMax Frost And The Troopers,Max Frost And The Troopers,Shape Of Things To Come,"['classic garage rock', 'freakbeat']",1oWLERlWcdoDA4zJAPCtyk,https://p.scdn.co/mp3-preview/9d9659a9a848acd475314a5eb7735a04354a5d2d?cid=b8d3901151d34489a160e3cf0ab1fa94,Shape Of Things To Come,FALSE,118053,29,0.444,0.716,5,-5.962,0,0.0442,0.259,0,0.0744,0.724,157.509,4,http://www.billboard.com/charts/hot-100/1968-11-09,11/9/1968,22,Shape Of Things To Come,Max Frost And The Troopers,1,22,22,10,rock,1968-11-09,1968,11,classic,10,22,1968,10,22,Max Frost And The Troopers,Shape Of Things To Come
Still The SameBob Seger & The Silver Bullet Band,Bob Seger & The Silver Bullet Band,Still The Same,"['album rock', 'classic rock', 'folk rock', 'hard rock', 'heartland rock', 'mellow gold', 'rock', 'soft rock']",1Ryxsiacu8pUXIMCVnIQ8J,NA,Stranger In Town,FALSE,203546,65,0.709,0.767,0,-6.732,1,0.0283,0.405,1.72e-4,0.0592,0.557,115.64,4,http://www.billboard.com/charts/hot-100/1978-07-08,7/8/1978,5,Still The Same,Bob Seger & The Silver Bullet Band,1,7,5,9,rock,1978-07-08,1978,7,hard,9,5,1978,9,5,Bob Seger & The Silver Bullet Band,Still The Same
Figured You OutNickelback,Nickelback,Figured You Out,"['alternative metal', 'canadian rock', 'nu metal', 'post-grunge']",1Yuim9eHBfG8YUJII28XDF,https://p.scdn.co/mp3-preview/3bb0ce34b04628d45fa7ef19be09c098d09699f3?cid=b8d3901151d34489a160e3cf0ab1fa94,The Long Road,FALSE,228480,59,0.544,0.867,10,-5.527,1,0.0517,2.63e-5,0.0165,0.266,0.726,93.925,4,http://www.billboard.com/charts/hot-100/2004-06-05,6/5/2004,97,Figured You Out,Nickelback,1,95,65,18,rock,2004-06-05,2004,6,metal,18,65,2004,18,65,Nickelback,Figured You Out
Keep Me In MindZac Brown Band,Zac Brown Band,Keep Me In Mind,"['contemporary country', 'country', 'country road', 'modern country rock']",7zNM46fo01dCBidY4yGNTZ,https://p.scdn.co/mp3-preview/beabe02cf782dd63eeca14ad8fbad477fa71202a?cid=b8d3901151d34489a160e3cf0ab1fa94,You Get What You Give (Deluxe),FALSE,214106,57,0.684,0.715,6,-6.132,1,0.0336,0.159,0,0.181,0.563,96.018,4,http://www.billboard.com/charts/hot-100/2011-11-19,11/19/2011,44,Keep Me In Mind,Zac Brown Band,1,54,44,6,rock,2011-11-19,2011,11,country rock,6,44,2011,6,44,Zac Brown Band,Keep Me In Mind
Stayin' AliveBee Gees,Bee Gees,Stayin' Alive,"['adult standards', 'disco', 'mellow gold', 'soft rock']",3mRM4NM8iO7UBqrSigCQFH,NA,Greatest,FALSE,285373,78,0.703,0.826,10,-7.179,0,0.0341,0.0322,0.00629,0.179,0.945,103.564,4,http://www.billboard.com/charts/hot-100/1977-12-24,12/24/1977,39,Stayin' Alive,Bee Gees,1,52,39,3,rock,1977-12-24,1977,12,soft rock,3,39,1977,3,39,Bee Gees,Stayin' Alive
I'll Be Over YouToto,Toto,I'll Be Over You,"['album rock', 'mellow gold', 'rock', 'soft rock', 'yacht rock']",1WeoeHh0TSzsApyJ6Q8OOK,https://p.scdn.co/mp3-preview/e803d36d780058c2aea804ae04d8941b2d2b2de3?cid=b8d3901151d34489a160e3cf0ab1fa94,Fahrenheit,FALSE,229880,69,0.516,0.277,10,-17.85,1,0.0256,0.062,0,0.258,0.412,82.168,4,http://www.billboard.com/charts/hot-100/1986-12-06,12/6/1986,24,I'll Be Over You,Toto,1,14,11,15,rock,1986-12-06,1986,12,soft rock,15,11,1986,15,11,Toto,I'll Be Over You
Teacher Teacher38 Special,38 Special,Teacher Teacher,"['album rock', 'classic rock', 'country rock', 'folk rock', 'glam metal', 'hard rock', 'mellow gold', 'rock', 'soft rock', 'southern rock']",2JaHGxFJd6R5mwmYTRZS6I,NA,Flashback,FALSE,195133,32,0.409,0.954,0,-4.147,1,0.0607,0.00147,0,0.0961,0.725,157.411,4,http://www.billboard.com/charts/hot-100/1984-11-17,11/17/1984,28,Teacher Teacher,38 Special,1,29,28,8,rock,1984-11-17,1984,11,metal,8,28,1984,8,28,38 Special,Teacher Teacher
You Make My DreamsDaryl Hall John Oates,Daryl Hall John Oates,You Make My Dreams,"['album rock', 'classic rock', 'mellow gold', 'rock', 'soft rock', 'yacht rock']",4o6BgsqLIBViaGVbx5rbRk,https://p.scdn.co/mp3-preview/771d17fd95b403d1cedf9337822038f31847dcf6?cid=b8d3901151d34489a160e3cf0ab1fa94,Voices,FALSE,190626,78,0.751,0.501,5,-12.151,1,0.0552,0.234,0.112,0.0467,0.902,167.058,4,http://www.billboard.com/charts/hot-100/1981-06-06,6/6/1981,19,You Make My Dreams,Daryl Hall John Oates,1,22,19,6,rock,1981-06-06,1981,6,classic,6,19,1981,6,19,Daryl Hall John Oates,You Make My Dreams
JingoSantana,Santana,Jingo,"['blues rock', 'classic rock']",5aPj4JAtKbDl8vRtvQ9fHu,https://p.scdn.co/mp3-preview/84dc7281177c1cd5e93063629a8cf295e8ebb7b4?cid=b8d3901151d34489a160e3cf0ab1fa94,Santana (Legacy Edition),FALSE,261066,44,0.491,0.482,7,-14.478,1,0.0641,0.406,0.661,0.172,0.593,126.797,4,http://www.billboard.com/charts/hot-100/1969-11-01,11/1/1969,97,Jingo,Santana,1,97,97,2,rock,1969-11-01,1969,11,blues,2,97,1969,2,97,Santana,Jingo
Getting Away With MurderPapa Roach,Papa Roach,Getting Away With Murder,"['alternative metal', 'nu metal', 'post-grunge', 'rap metal', 'rap rock']",1x0AirtLjfVquI0A9iBVep,NA,Getting Away With Murder,FALSE,191372,56,0.564,0.968,1,-3.75,1,0.0631,1.16e-4,3.97e-5,0.226,0.352,103.885,4,http://www.billboard.com/charts/hot-100/2005-02-05,2/5/2005,85,Getting Away With Murder,Papa Roach,1,86,69,16,rock,2005-02-05,2005,2,metal,16,69,2005,16,69,Papa Roach,Getting Away With Murder
Let's Work Together (Part 1)Wilbert Harrison,Wilbert Harrison,Let's Work Together (Part 1),"['rhythm and blues', 'rock-and-roll']",NA,NA,NA,NA,NA,NA,NA,NA,NA,NA,NA,NA,NA,NA,NA,NA,NA,NA,http://www.billboard.com/charts/hot-100/1970-02-14,2/14/1970,32,Let's Work Together (Part 1),Wilbert Harrison,1,32,32,11,rock,1970-02-14,1970,2,blues,11,32,1970,11,32,Wilbert Harrison,Let's Work Together (Part 1)
#9 DreamJohn Lennon,John Lennon,#9 Dream,"['album rock', 'classic rock', 'folk rock', 'mellow gold', 'rock']",4ZVWvCUwsOnIGmJMj71RkG,NA,Walls And Bridges,FALSE,286813,55,0.406,0.597,0,-11.745,1,0.0336,0.0744,0.0133,0.254,0.478,115.474,4,http://www.billboard.com/charts/hot-100/1975-02-22,2/22/1975,9,#9 Dream,John Lennon,1,10,9,10,rock,1975-02-22,1975,2,classic,10,9,1975,10,9,John Lennon,#9 Dream
Dolly DaggerJimi Hendrix,Jimi Hendrix,Dolly Dagger,"['album rock', 'blues rock', 'classic rock', 'hard rock', 'psychedelic rock', 'rock']",417qXCSHPqUYQHyPbRTpM2,https://p.scdn.co/mp3-preview/db77a3cf962cf8f9247e1ccf8f4f42489982c6d3?cid=b8d3901151d34489a160e3cf0ab1fa94,Experience Hendrix: The Best Of Jimi Hendrix,FALSE,285386,41,0.501,0.886,5,-5.85,0,0.0885,0.0924,1.07e-5,0.599,0.797,121.053,4,http://www.billboard.com/charts/hot-100/1971-12-04,12/4/1971,77,Dolly Dagger,Jimi Hendrix,1,74,74,7,rock,1971-12-04,1971,12,blues,7,74,1971,7,74,Jimi Hendrix,Dolly Dagger
Rock Me ToniteBilly Squier,Billy Squier,Rock Me Tonite,"['album rock', 'classic rock', 'glam metal', 'hard rock', 'heartland rock', 'mellow gold', 'rock', 'soft rock']",12c1PXyghlSuNVO9GZi0DH,NA,Signs Of Life,FALSE,297266,43,0.472,0.724,9,-5.061,0,0.0522,0.0987,0,0.239,0.673,127.36,4,http://www.billboard.com/charts/hot-100/1984-08-04,8/4/1984,26,Rock Me Tonite,Billy Squier,1,32,26,5,rock,1984-08-04,1984,8,metal,5,26,1984,5,26,Billy Squier,Rock Me Tonite
When You Close Your EyesNight Ranger,Night Ranger,When You Close Your Eyes,"['album rock', 'classic rock', 'glam metal', 'hard rock', 'mellow gold', 'rock', 'soft rock']",0FoB9BAV7B2Kv6NxOFZtSO,NA,Midnight Madness,FALSE,256506,48,0.472,0.635,0,-14.112,1,0.0357,0.016,0,0.132,0.591,138.181,4,http://www.billboard.com/charts/hot-100/1984-09-15,9/15/1984,19,When You Close Your Eyes,Night Ranger,1,21,19,10,rock,1984-09-15,1984,9,metal,10,19,1984,10,19,Night Ranger,When You Close Your Eyes
18 And LifeSkid Row,Skid Row,18 And Life,"['album rock', 'glam metal', 'hard rock', 'metal', 'rock']",0qgrrDnUUhyxpxbBznUnzg,https://p.scdn.co/mp3-preview/902c83db7111a73bb508dd5d981621be8cf3e5e8?cid=b8d3901151d34489a160e3cf0ab1fa94,Skid Row,FALSE,229960,70,0.466,0.648,1,-11.101,0,0.028,0.0023,1.49e-5,0.112,0.305,90.435,4,http://www.billboard.com/charts/hot-100/1989-08-26,8/26/1989,16,18 And Life,Skid Row,1,20,16,8,rock,1989-08-26,1989,8,metal,8,16,1989,8,16,Skid Row,18 And Life
Eye On YouBilly Squier,Billy Squier,Eye On You,"['album rock', 'classic rock', 'glam metal', 'hard rock', 'heartland rock', 'mellow gold', 'rock', 'soft rock']",5d0ixACDQzqeMJnOyM2vOe,NA,Signs Of Life,FALSE,280775,18,0.521,0.762,0,-5.613,1,0.0474,0.187,6.58e-4,0.308,0.435,107.222,4,http://www.billboard.com/charts/hot-100/1985-01-05,1/5/1985,75,Eye On You,Billy Squier,1,78,75,5,rock,1985-01-05,1985,1,metal,5,75,1985,5,75,Billy Squier,Eye On You
Stuck Like GlueSugarland,Sugarland,Stuck Like Glue,"['contemporary country', 'country', 'country dawn', 'country road', 'modern country rock']",0JcKdUGNR7zI4jJDLyYXbi,NA,The Incredible Machine,FALSE,247586,64,0.702,0.795,1,-4.764,1,0.0568,0.329,0,0.0505,0.836,83.961,4,http://www.billboard.com/charts/hot-100/2011-01-15,1/15/2011,36,Stuck Like Glue,Sugarland,1,40,17,23,rock,2011-01-15,2011,1,country rock,23,17,2011,23,17,Sugarland,Stuck Like Glue
FameDavid Bowie,David Bowie,Fame,"['album rock', 'art rock', 'classic rock', 'dance rock', 'glam rock', 'permanent wave', 'protopunk', 'rock']",1PehfITh0TTRx3LkDdV4h3,https://p.scdn.co/mp3-preview/2d55b6e70bebbfdfca3d550703bce8d6ac9c0308?cid=b8d3901151d34489a160e3cf0ab1fa94,Young Americans (2016 Remastered Version),FALSE,261373,60,0.786,0.555,10,-10.276,1,0.0471,0.454,0.0173,0.0826,0.673,95.1,4,http://www.billboard.com/charts/hot-100/1975-06-28,6/28/1975,90,Fame,David Bowie,1,NA,90,1,rock,1975-06-28,1975,6,classic,1,90,1975,1,90,David Bowie,Fame
Burning ManDierks Bentley Featuring Brothers Osborne,Dierks Bentley Featuring Brothers Osborne,Burning Man,"['contemporary country', 'country', 'country road', 'modern country rock']",4a1oIihVt6xSnDRpgX387M,NA,The Mountain,FALSE,238493,69,0.609,0.807,5,-7.221,1,0.0972,0.00403,5.42e-6,0.0926,0.492,119.073,4,https://www.billboard.com/charts/hot-100/2018-12-22,12/22/2018,73,Burning Man,Dierks Bentley Featuring Brothers Osborne,1,90,69,8,rock,2018-12-22,2018,12,country rock,8,69,2018,8,69,Dierks Bentley Featuring Brothers Osborne,Burning Man
Prime TimeThe Alan Parsons Project,The Alan Parsons Project,Prime Time,"['album rock', 'art rock', 'classic rock', 'mellow gold', 'progressive rock', 'soft rock', 'symphonic rock']",1k1I1C7pOi7tK1kUx2DZ0N,https://p.scdn.co/mp3-preview/aa958292dddf6e055b96cbbe75ba5cb73a07b041?cid=b8d3901151d34489a160e3cf0ab1fa94,Ammonia Avenue (Expanded Edition),FALSE,303346,44,0.798,0.633,2,-11.65,1,0.0355,0.0956,2.7e-4,0.0694,0.81,122.376,4,http://www.billboard.com/charts/hot-100/1984-07-07,7/7/1984,39,Prime Time,The Alan Parsons Project,1,34,34,8,rock,1984-07-07,1984,7,classic,8,34,1984,8,34,The Alan Parsons Project,Prime Time
Time Out Of MindSteely Dan,Steely Dan,Time Out Of Mind,"['album rock', 'art rock', 'blues rock', 'classic rock', 'folk', 'folk rock', 'mellow gold', 'psychedelic rock', 'rock', 'roots rock', 'soft rock', 'yacht rock']",2SkcfuzAoyrBWkdbxn7Lu1,NA,Gaucho,FALSE,252413,46,0.909,0.499,2,-9.583,1,0.0585,0.156,0.00447,0.0397,0.962,124.548,4,http://www.billboard.com/charts/hot-100/1981-04-04,4/4/1981,28,Time Out Of Mind,Steely Dan,1,34,28,4,rock,1981-04-04,1981,4,blues,4,28,1981,4,28,Steely Dan,Time Out Of Mind
There's No Easy WayJames Ingram,James Ingram,There's No Easy Way,"['adult standards', 'quiet storm', 'soft rock', 'urban contemporary']",7ePEIbrsRXk9En7noiLAo7,NA,It's Your Night,FALSE,227293,58,0.59,0.172,8,-16.241,1,0.0412,0.681,0,0.146,0.18,127.963,4,http://www.billboard.com/charts/hot-100/1984-04-28,4/28/1984,63,There's No Easy Way,James Ingram,1,70,63,4,rock,1984-04-28,1984,4,soft rock,4,63,1984,4,63,James Ingram,There's No Easy Way
Sal's Got A Sugar LipJohnny Horton,Johnny Horton,Sal's Got A Sugar Lip,"['country', 'country rock', 'cowboy western', 'rock-and-roll', 'rockabilly']",2pjKNlnd8fKUcnoaomauIv,https://p.scdn.co/mp3-preview/288ff6e7da3d785a509a651d0cff3bf0ba24ec4d?cid=b8d3901151d34489a160e3cf0ab1fa94,The Essential Johnny Horton,FALSE,117800,18,0.717,0.666,2,-15.732,1,0.0283,0.807,1.28e-6,0.0836,0.961,97.68,4,http://www.billboard.com/charts/hot-100/1959-09-26,9/26/1959,94,Sal's Got A Sugar Lip,Johnny Horton,1,91,81,7,rock,1959-09-26,1959,9,country rock,7,81,1959,7,81,Johnny Horton,Sal's Got A Sugar Lip
Fire WomanThe Cult,The Cult,Fire Woman,"['album rock', 'alternative rock', 'classic rock', 'dance rock', 'glam metal', 'hard rock', 'metal', 'new wave', 'post-grunge', 'rock']",0GyJA0Yn0CcqvHKzeKaVhw,https://p.scdn.co/mp3-preview/81a0bb9b0275ec4c7874adb8fcc11a2cb9febe75?cid=b8d3901151d34489a160e3cf0ab1fa94,Sonic Temple,FALSE,311026,59,0.495,0.798,7,-9.173,1,0.0387,2.72e-4,9.22e-4,0.234,0.461,132.007,4,http://www.billboard.com/charts/hot-100/1989-07-22,7/22/1989,51,Fire Woman,The Cult,1,46,46,9,rock,1989-07-22,1989,7,metal,9,46,1989,9,46,The Cult,Fire Woman
That's What Love Is All AboutMichael Bolton,Michael Bolton,That's What Love Is All About,"['adult standards', 'soft rock']",3jfNEa2KqRxycjfmsocEih,https://p.scdn.co/mp3-preview/57d0b1e8e98c89d1a8fe58478280781102b931f2?cid=b8d3901151d34489a160e3cf0ab1fa94,The Hunger,FALSE,237626,42,0.527,0.273,5,-15.253,1,0.0378,0.792,2.45e-5,0.124,0.17,121.79,4,http://www.billboard.com/charts/hot-100/1987-11-28,11/28/1987,25,That's What Love Is All About,Michael Bolton,1,30,25,13,rock,1987-11-28,1987,11,soft rock,13,25,1987,13,25,Michael Bolton,That's What Love Is All About
Rock The NightEurope,Europe,Rock The Night,"['album rock', 'glam metal', 'hard rock', 'rock', 'swedish hard rock']",3J9NEWkd9Cx1MwSSvDySkL,https://p.scdn.co/mp3-preview/01a8abba619f621894657fb7f594194626da2969?cid=b8d3901151d34489a160e3cf0ab1fa94,The Final Countdown (Expanded Edition),FALSE,247306,62,0.57,0.931,4,-5.78,0,0.0503,0.0425,0,0.375,0.401,105.37,4,http://www.billboard.com/charts/hot-100/1987-06-27,6/27/1987,33,Rock The Night,Europe,1,30,30,9,rock,1987-06-27,1987,6,metal,9,30,1987,9,30,Europe,Rock The Night
"Train, TrainBlackfoot",Blackfoot,"Train, Train","['album rock', 'blues rock', 'classic rock', 'country rock', 'hard rock', 'native american', 'rock', 'southern rock']",5bSpsKGoGKXOOfg7F3ZtKz,https://p.scdn.co/mp3-preview/c3af7d9f1291a891720e628421a196b100a04793?cid=b8d3901151d34489a160e3cf0ab1fa94,Strikes,FALSE,216693,55,0.609,0.807,9,-8.286,1,0.0559,0.015,0.00123,0.37,0.754,121.768,4,http://www.billboard.com/charts/hot-100/1979-12-22,12/22/1979,38,"Train, Train",Blackfoot,1,41,38,10,rock,1979-12-22,1979,12,blues,10,38,1979,10,38,Blackfoot,"Train, Train"
The Memory RemainsMetallica,Metallica,The Memory Remains,"['hard rock', 'metal', 'old school thrash', 'rock', 'speed metal', 'thrash metal']",0vhOJ8a3M2LWnBNrDXJKDl,https://p.scdn.co/mp3-preview/0484e851dc13e75e2a035477c43c2e99c099d47f?cid=b8d3901151d34489a160e3cf0ab1fa94,Reload,FALSE,279240,52,0.432,0.904,10,-3.697,0,0.0432,3.21e-4,0.00982,0.206,0.6,144.401,4,http://www.billboard.com/charts/hot-100/1997-12-13,12/13/1997,45,The Memory Remains,Metallica,1,28,28,3,rock,1997-12-13,1997,12,metal,3,28,1997,3,28,Metallica,The Memory Remains
Missing You NowMichael Bolton,Michael Bolton,Missing You Now,"['adult standards', 'soft rock']",7ho5FKdNqmmbCpXYcyDH8c,https://p.scdn.co/mp3-preview/6d5c179cc826ca3240edc7fda990f83a117c09f0?cid=b8d3901151d34489a160e3cf0ab1fa94,Tim,FALSE,273306,51,0.62,0.508,7,-11.621,1,0.0272,0.118,0,0.187,0.289,95.01,4,http://www.billboard.com/charts/hot-100/1992-06-06,6/6/1992,87,Missing You Now,Michael Bolton,1,88,12,20,rock,1992-06-06,1992,6,soft rock,20,12,1992,20,12,Michael Bolton,Missing You Now
The Best Of TimesStyx,Styx,The Best Of Times,"['album rock', 'art rock', 'classic rock', 'folk rock', 'hard rock', 'mellow gold', 'progressive rock', 'rock', 'soft rock', 'symphonic rock']",7GRUpcvSQM9HrnC2CjYPG4,NA,Paradise Theatre,FALSE,257866,52,0.352,0.327,0,-11.853,1,0.0251,0.185,2.65e-6,0.134,0.354,80.027,4,http://www.billboard.com/charts/hot-100/1981-03-28,3/28/1981,3,The Best Of Times,Styx,1,3,3,10,rock,1981-03-28,1981,3,hard,10,3,1981,10,3,Styx,The Best Of Times
"I Finally Found Someone (From ""The Mirror Has Two Faces"")Barbra Streisand & Bryan Adams",Barbra Streisand & Bryan Adams,"I Finally Found Someone (From ""The Mirror Has Two Faces"")","['adult standards', 'hollywood', 'mellow gold', 'soft rock']",2WthqeuPLwn0CHwCMrlt6L,https://p.scdn.co/mp3-preview/447ef8f544b12aa144a069932df316554cd735ee?cid=b8d3901151d34489a160e3cf0ab1fa94,THE MIRROR HAS TWO FACES - Music From The Motion Picture,FALSE,221973,51,0.562,0.224,6,-15.069,1,0.0289,0.674,0,0.127,0.0707,139.009,4,http://www.billboard.com/charts/hot-100/1997-03-15,3/15/1997,58,"I Finally Found Someone (From ""The Mirror Has Two Faces"")",Barbra Streisand & Bryan Adams,1,52,8,17,rock,1997-03-15,1997,3,soft rock,17,8,1997,17,8,Barbra Streisand & Bryan Adams,"I Finally Found Someone (From ""The Mirror Has Two Faces"")"
Need A Little Taste Of LoveThe Doobie Brothers,The Doobie Brothers,Need A Little Taste Of Love,"['album rock', 'art rock', 'blues rock', 'classic rock', 'country rock', 'folk rock', 'hard rock', 'heartland rock', 'mellow gold', 'psychedelic rock', 'rock', 'roots rock', 'soft rock', 'yacht rock']",7785ghT4ZHFYUyniLySfRl,NA,Cycles,FALSE,245413,19,0.605,0.919,9,-8.372,1,0.0503,3.82e-4,0.00139,0.057,0.84,115.006,4,http://www.billboard.com/charts/hot-100/1989-09-09,9/9/1989,48,Need A Little Taste Of Love,The Doobie Brothers,1,50,48,5,rock,1989-09-09,1989,9,blues,5,48,1989,5,48,The Doobie Brothers,Need A Little Taste Of Love
I DisappearMetallica,Metallica,I Disappear,"['hard rock', 'metal', 'old school thrash', 'rock', 'speed metal', 'thrash metal']",51Vic2Yi71YKNtLbyJKgQt,https://p.scdn.co/mp3-preview/3aa362c05347e4e813125995f20e43afdc7e9d9a?cid=b8d3901151d34489a160e3cf0ab1fa94,I Disappear,FALSE,266240,51,0.534,0.929,1,-3.609,1,0.047,2.06e-4,5.58e-5,0.036,0.447,122.733,4,http://www.billboard.com/charts/hot-100/2000-07-15,7/15/2000,84,I Disappear,Metallica,1,78,76,10,rock,2000-07-15,2000,7,metal,10,76,2000,10,76,Metallica,I Disappear
Alone With YouJake Owen,Jake Owen,Alone With You,"['contemporary country', 'country', 'country road', 'modern country rock']",2Xdatbm43IXEVi0wmKeJve,https://p.scdn.co/mp3-preview/869fb7ca79ac67df0f8c6119923df9304d53e981?cid=b8d3901151d34489a160e3cf0ab1fa94,Barefoot Blue Jean Night,FALSE,210973,53,0.646,0.761,7,-3.991,1,0.0267,0.221,0,0.109,0.336,108.999,4,http://www.billboard.com/charts/hot-100/2011-12-24,12/24/2011,90,Alone With You,Jake Owen,1,NA,90,1,rock,2011-12-24,2011,12,country rock,1,90,2011,1,90,Jake Owen,Alone With You
Mental PictureJon Secada,Jon Secada,Mental Picture,['soft rock'],0hEkipXZzPEgGSABUcM8hI,NA,30 Exitos Insuperables,FALSE,261600,28,0.576,0.713,7,-7.808,1,0.0273,0.125,0,0.0687,0.498,86.999,4,http://www.billboard.com/charts/hot-100/1995-04-01,4/1/1995,63,Mental Picture,Jon Secada,1,55,29,19,rock,1995-04-01,1995,4,soft rock,19,29,1995,19,29,Jon Secada,Mental Picture
PegSteely Dan,Steely Dan,Peg,"['album rock', 'art rock', 'blues rock', 'classic rock', 'folk', 'folk rock', 'mellow gold', 'psychedelic rock', 'rock', 'roots rock', 'soft rock', 'yacht rock']",5DQAHkO9U4IZIombHefcqK,NA,Aja,FALSE,240293,59,0.806,0.573,0,-11.017,1,0.0317,0.066,2.21e-4,0.152,0.951,116.965,4,http://www.billboard.com/charts/hot-100/1978-03-25,3/25/1978,59,Peg,Steely Dan,1,32,11,19,rock,1978-03-25,1978,3,blues,19,11,1978,19,11,Steely Dan,Peg
You've Never Been This Far BeforeConway Twitty,Conway Twitty,You've Never Been This Far Before,"['arkansas country', 'country', 'country rock']",2aqHQzbPcrMl6m37ndVHOQ,https://p.scdn.co/mp3-preview/eed49f39c86ffa1174b8710f975484b37f6ff7a7?cid=b8d3901151d34489a160e3cf0ab1fa94,The Final Recording Of Hi Greatet Hit,FALSE,190000,41,0.705,0.397,10,-11.775,1,0.0343,0.679,0,0.106,0.684,133.355,4,http://www.billboard.com/charts/hot-100/1973-10-13,10/13/1973,27,You've Never Been This Far Before,Conway Twitty,1,22,22,10,rock,1973-10-13,1973,10,country rock,10,22,1973,10,22,Conway Twitty,You've Never Been This Far Before
Rock The NightEurope,Europe,Rock The Night,"['album rock', 'glam metal', 'hard rock', 'rock', 'swedish hard rock']",3J9NEWkd9Cx1MwSSvDySkL,https://p.scdn.co/mp3-preview/01a8abba619f621894657fb7f594194626da2969?cid=b8d3901151d34489a160e3cf0ab1fa94,The Final Countdown (Expanded Edition),FALSE,247306,62,0.57,0.931,4,-5.78,0,0.0503,0.0425,0,0.375,0.401,105.37,4,http://www.billboard.com/charts/hot-100/1987-06-13,6/13/1987,37,Rock The Night,Europe,1,38,37,7,rock,1987-06-13,1987,6,metal,7,37,1987,7,37,Europe,Rock The Night
Day DrinkingLittle Big Town,Little Big Town,Day Drinking,"['contemporary country', 'country', 'country dawn', 'country road', 'modern country rock']",1pxXqJZBrCREdC0s4Xs6Xz,NA,Pain Killer,FALSE,178840,57,0.591,0.959,9,-2.515,1,0.057,0.103,0,0.779,0.86,163.883,4,http://www.billboard.com/charts/hot-100/2014-10-18,10/18/2014,73,Day Drinking,Little Big Town,2,73,73,11,rock,2014-10-18,2014,10,country rock,11,73,2014,11,73,Little Big Town,Day Drinking
Sister ChristianNight Ranger,Night Ranger,Sister Christian,"['album rock', 'classic rock', 'glam metal', 'hard rock', 'mellow gold', 'rock', 'soft rock']",57trQKFZdJxHia4sMJioWk,NA,Midnight Madness,FALSE,302933,61,0.447,0.348,5,-16.199,1,0.039,0.159,1.98e-6,0.0835,0.227,177.356,4,http://www.billboard.com/charts/hot-100/1984-07-28,7/28/1984,61,Sister Christian,Night Ranger,1,57,5,21,rock,1984-07-28,1984,7,metal,21,5,1984,21,5,Night Ranger,Sister Christian
I Don't Know WhyThe Rolling Stones,The Rolling Stones,I Don't Know Why,"['album rock', 'british invasion', 'classic rock', 'protopunk', 'rock']",4Fo647WpC9gj1BadFxCgKI,NA,Metamorphosis,FALSE,180600,25,0.447,0.539,1,-9.94,1,0.0352,0.357,9.67e-4,0.324,0.156,92.72,4,http://www.billboard.com/charts/hot-100/1975-07-05,7/5/1975,52,I Don't Know Why,The Rolling Stones,1,62,52,4,rock,1975-07-05,1975,7,british,4,52,1975,4,52,The Rolling Stones,I Don't Know Why
Having A PartyRod Stewart,Rod Stewart,Having A Party,"['adult standards', 'mellow gold', 'soft rock']",2TBnYW00VGuNJk6xVQYEQe,https://p.scdn.co/mp3-preview/73928909b9f133508afa4be4f8acb9e69d2d1b4e?cid=b8d3901151d34489a160e3cf0ab1fa94,Unplugged....And Seated,FALSE,286026,34,0.648,0.789,4,-9.47,1,0.103,0.147,0,0.972,0.711,129.587,4,http://www.billboard.com/charts/hot-100/1994-04-02,4/2/1994,55,Having A Party,Rod Stewart,1,55,36,14,rock,1994-04-02,1994,4,soft rock,14,36,1994,14,36,Rod Stewart,Having A Party
Better Dig TwoThe Band Perry,The Band Perry,Better Dig Two,"['contemporary country', 'country', 'country dawn', 'country road', 'modern country rock']",3z0a8G407NbxfjTRffvQiP,NA,Pioneer,FALSE,194680,56,0.64,0.669,7,-5.17,1,0.0519,0.413,0,0.0779,0.646,155.844,4,http://www.billboard.com/charts/hot-100/2012-11-17,11/17/2012,53,Better Dig Two,The Band Perry,1,NA,53,1,rock,2012-11-17,2012,11,country rock,1,53,2012,1,53,The Band Perry,Better Dig Two
The City Of New OrleansArlo Guthrie,Arlo Guthrie,The City Of New Orleans,"['country rock', 'folk', 'folk rock', 'mellow gold', 'roots rock', 'singer-songwriter', 'traditional folk']",0P6TTXbSLGrSoTNMz5kvB7,https://p.scdn.co/mp3-preview/59415eea385415402168d234c5e537f999c69a79?cid=b8d3901151d34489a160e3cf0ab1fa94,Hobo's Lullaby (Remastered 2004),FALSE,274506,54,0.616,0.577,1,-8.834,1,0.0407,0.535,0,0.0808,0.592,145.863,4,http://www.billboard.com/charts/hot-100/1972-08-05,8/5/1972,63,The City Of New Orleans,Arlo Guthrie,1,86,63,2,rock,1972-08-05,1972,8,country rock,2,63,1972,2,63,Arlo Guthrie,The City Of New Orleans
Only In AmericaBrooks & Dunn,Brooks & Dunn,Only In America,"['contemporary country', 'country', 'country road', 'country rock']",3e41nkMyqcAwaQCXJVj87G,https://p.scdn.co/mp3-preview/2ee9598a30643134426a20e2b65bd939c4d30918?cid=b8d3901151d34489a160e3cf0ab1fa94,#1s ... and then some,FALSE,268613,49,0.512,0.886,4,-5.906,1,0.0402,0.067,0.00159,0.865,0.693,137.764,4,http://www.billboard.com/charts/hot-100/2001-10-06,10/6/2001,35,Only In America,Brooks & Dunn,1,35,35,12,rock,2001-10-06,2001,10,country rock,12,35,2001,12,35,Brooks & Dunn,Only In America
Twist And ShoutThe Beatles,The Beatles,Twist And Shout,"['british invasion', 'merseybeat', 'psychedelic rock', 'rock']",5ZBeML7Lf3FMEVviTyvi8l,NA,Please Please Me (Remastered),FALSE,155226,75,0.482,0.849,2,-9.198,1,0.0452,0.641,7.74e-6,0.0414,0.937,124.631,4,http://www.billboard.com/charts/hot-100/1986-09-27,9/27/1986,23,Twist And Shout,The Beatles,2,25,23,19,rock,1986-09-27,1986,9,british,19,23,1986,19,23,The Beatles,Twist And Shout
Drunk On A PlaneDierks Bentley,Dierks Bentley,Drunk On A Plane,"['contemporary country', 'country', 'country road', 'modern country rock']",1soxUgYIZb1qx1c7o1Lc7z,NA,RISER,FALSE,254466,68,0.439,0.754,9,-5.566,1,0.0323,0.00512,7.45e-6,0.186,0.668,205.958,4,http://www.billboard.com/charts/hot-100/2014-08-23,8/23/2014,29,Drunk On A Plane,Dierks Bentley,1,28,27,13,rock,2014-08-23,2014,8,country rock,13,27,2014,13,27,Dierks Bentley,Drunk On A Plane
Time Is LoveJosh Turner,Josh Turner,Time Is Love,"['contemporary country', 'country', 'country road', 'modern country rock']",2rg3yLJKN5Yl4JCHHkMgeC,NA,Punching Bag,FALSE,200373,56,0.655,0.826,2,-4.828,1,0.0433,0.0869,2.09e-4,0.0836,0.616,111.986,4,http://www.billboard.com/charts/hot-100/2012-04-14,4/14/2012,91,Time Is Love,Josh Turner,1,NA,91,1,rock,2012-04-14,2012,4,country rock,1,91,2012,1,91,Josh Turner,Time Is Love
No Son Of MineGenesis,Genesis,No Son Of Mine,"['album rock', 'art rock', 'classic rock', 'mellow gold', 'progressive rock', 'rock', 'soft rock', 'symphonic rock']",6YsCavQbx3YITYsnIKvF3j,https://p.scdn.co/mp3-preview/325bd9b9b8771433c3e716fe8abc02a913a63d40?cid=b8d3901151d34489a160e3cf0ab1fa94,We Can't Dance,FALSE,399106,40,0.658,0.595,4,-8.704,0,0.0251,0.133,3.58e-4,0.0978,0.256,103.975,4,http://www.billboard.com/charts/hot-100/1991-11-02,11/2/1991,53,No Son Of Mine,Genesis,1,NA,53,1,rock,1991-11-02,1991,11,classic,1,53,1991,1,53,Genesis,No Son Of Mine
Three Times A LadyCommodores,Commodores,Three Times A Lady,"['adult standards', 'classic soul', 'disco', 'funk', 'mellow gold', 'motown', 'quiet storm', 'soft rock', 'soul']",4ztwMHfPZhPoruZdBbgriM,NA,All The Great Love Songs,FALSE,217426,54,0.482,0.0766,8,-20.634,1,0.0301,0.893,3.79e-4,0.134,0.136,75.722,3,http://www.billboard.com/charts/hot-100/1978-09-02,9/2/1978,2,Three Times A Lady,Commodores,1,2,1,12,rock,1978-09-02,1978,9,classic,12,1,1978,12,1,Commodores,Three Times A Lady
All This TimeSting,Sting,All This Time,"['permanent wave', 'soft rock']",2cu8WtQZdxGe3lbetlzeNe,NA,The Soul Cages,FALSE,294333,50,0.64,0.46,2,-13.05,1,0.0361,0.0875,1.59e-4,0.0543,0.416,127.126,4,http://www.billboard.com/charts/hot-100/1991-03-09,3/9/1991,6,All This Time,Sting,1,8,6,8,rock,1991-03-09,1991,3,permanent wave,8,6,1991,8,6,Sting,All This Time
Feel That FireDierks Bentley,Dierks Bentley,Feel That Fire,"['contemporary country', 'country', 'country road', 'modern country rock']",0U7Q336Pth6J3mPy736fQq,NA,Feel That Fire,FALSE,201506,47,0.412,0.833,1,-3.865,1,0.0352,0.371,1.28e-5,0.208,0.669,179.846,4,http://www.billboard.com/charts/hot-100/2008-11-08,11/8/2008,93,Feel That Fire,Dierks Bentley,1,89,82,3,rock,2008-11-08,2008,11,country rock,3,82,2008,3,82,Dierks Bentley,Feel That Fire
After MidnightJ.J. Cale,J.J. Cale,After Midnight,"['blues', 'blues rock', 'classic rock', 'folk rock', 'mellow gold', 'modern blues', 'rock', 'roots rock']",1PC5GV3OaoXx5em8ttQOMI,NA,Naturally,FALSE,143693,63,0.699,0.32,2,-18.988,1,0.0337,0.171,0.146,0.0771,0.525,95.973,4,http://www.billboard.com/charts/hot-100/1972-05-20,5/20/1972,93,After Midnight,J.J. Cale,1,NA,93,1,rock,1972-05-20,1972,5,blues,1,93,1972,1,93,J.J. Cale,After Midnight
How Am I Doin'Dierks Bentley,Dierks Bentley,How Am I Doin',"['contemporary country', 'country', 'country road', 'modern country rock']",3bvr2R5FUjrC3orh47Qe5V,NA,Dierks Bentley,FALSE,228437,41,0.528,0.871,9,-8.01,1,0.122,0.125,0,0.23,0.675,181.909,4,http://www.billboard.com/charts/hot-100/2005-02-05,2/5/2005,81,How Am I Doin',Dierks Bentley,1,79,49,16,rock,2005-02-05,2005,2,country rock,16,49,2005,16,49,Dierks Bentley,How Am I Doin'
How Deep Is Your LoveBee Gees,Bee Gees,How Deep Is Your Love,"['adult standards', 'disco', 'mellow gold', 'soft rock']",2JoZzpdeP2G6Csfdq5aLXP,NA,Greatest,FALSE,245200,78,0.633,0.357,5,-9.366,0,0.0264,0.105,0,0.133,0.674,104.938,4,http://www.billboard.com/charts/hot-100/1977-10-08,10/8/1977,34,How Deep Is Your Love,Bee Gees,1,49,34,3,rock,1977-10-08,1977,10,soft rock,3,34,1977,3,34,Bee Gees,How Deep Is Your Love
Searching For A ThrillStarbuck,Starbuck,Searching For A Thrill,"['soft rock', 'yacht rock']",NA,NA,NA,NA,NA,NA,NA,NA,NA,NA,NA,NA,NA,NA,NA,NA,NA,NA,http://www.billboard.com/charts/hot-100/1978-10-07,10/7/1978,74,Searching For A Thrill,Starbuck,1,84,74,2,rock,1978-10-07,1978,10,soft rock,2,74,1978,2,74,Starbuck,Searching For A Thrill
We Can Work It OutThe Beatles,The Beatles,We Can Work It Out,"['british invasion', 'merseybeat', 'psychedelic rock', 'rock']",1hTUFqJuQAMjXVGwUPWDqi,NA,1 (Remastered),FALSE,135693,63,0.378,0.677,2,-8.63,1,0.0298,0.0635,0,0.183,0.648,106.071,4,http://www.billboard.com/charts/hot-100/1966-01-22,1/22/1966,2,We Can Work It Out,The Beatles,1,1,1,6,rock,1966-01-22,1966,1,british,6,1,1966,6,1,The Beatles,We Can Work It Out
It's Been AwhileStaind,Staind,It's Been Awhile,"['alternative metal', 'nu metal', 'post-grunge', 'rap rock', 'rock']",25CMmGsl22APKhfuj4Tp7j,https://p.scdn.co/mp3-preview/7c98137672d37068f9081aff2c5031d91dff772d?cid=b8d3901151d34489a160e3cf0ab1fa94,Break the Cycle,TRUE,264706,66,0.509,0.774,6,-4.054,1,0.0338,0.00189,5.49e-4,0.143,0.0824,116.529,4,http://www.billboard.com/charts/hot-100/2001-12-22,12/22/2001,27,It's Been Awhile,Staind,1,21,5,37,rock,2001-12-22,2001,12,metal,37,5,2001,37,5,Staind,It's Been Awhile
TonightDavid Bowie,David Bowie,Tonight,"['album rock', 'art rock', 'classic rock', 'dance rock', 'glam rock', 'permanent wave', 'protopunk', 'rock']",3IBO8J40fBC3n1KW8NhVap,https://p.scdn.co/mp3-preview/f80a3db5285be90933d0bbf321f0de9502f5f9ee?cid=b8d3901151d34489a160e3cf0ab1fa94,The Next Day,FALSE,237133,49,0.515,0.841,6,-4.983,0,0.0352,0.00647,0,0.135,0.765,135.925,4,http://www.billboard.com/charts/hot-100/1985-01-05,1/5/1985,53,Tonight,David Bowie,1,53,53,6,rock,1985-01-05,1985,1,classic,6,53,1985,6,53,David Bowie,Tonight
I.o.u.Lee Greenwood,Lee Greenwood,I.o.u.,"['country', 'country rock']",5CxsREoQI9e8lZIrEeiDA5,https://p.scdn.co/mp3-preview/86fae73994f6e1ebafeba7045eb99fbeb03d3331?cid=b8d3901151d34489a160e3cf0ab1fa94,All-Time Greatest Hits,FALSE,186013,4,0.396,0.349,7,-9.752,1,0.0282,0.642,0,0.334,0.384,67.79,4,http://www.billboard.com/charts/hot-100/1983-07-30,7/30/1983,98,I.o.u.,Lee Greenwood,1,79,53,10,rock,1983-07-30,1983,7,country rock,10,53,1983,10,53,Lee Greenwood,I.o.u.
You're Gonna Miss ThisTrace Adkins,Trace Adkins,You're Gonna Miss This,"['contemporary country', 'country', 'country road', 'country rock', 'modern country rock', 'redneck']",68Q1r5zDnnYaHkh80yal4A,NA,American Man: Greatest Hits Volume II,FALSE,224960,61,0.5,0.665,8,-7.157,1,0.0355,0.0237,6.41e-5,0.0994,0.32,154.997,4,http://www.billboard.com/charts/hot-100/2008-05-03,5/3/2008,24,You're Gonna Miss This,Trace Adkins,1,22,12,12,rock,2008-05-03,2008,5,country rock,12,12,2008,12,12,Trace Adkins,You're Gonna Miss This
You Can't Roller Skate In A Buffalo HerdRoger Miller,Roger Miller,You Can't Roller Skate In A Buffalo Herd,"['comic', 'country', 'country rock', 'folk', 'nashville sound', 'oklahoma country', 'traditional folk']",4tTTwVxeUthDX37BUw1plJ,NA,Golden Hits,FALSE,114066,39,0.552,0.393,7,-12.171,1,0.134,0.954,0,0.109,0.903,174.488,4,http://www.billboard.com/charts/hot-100/1966-07-02,7/2/1966,69,You Can't Roller Skate In A Buffalo Herd,Roger Miller,1,96,69,2,rock,1966-07-02,1966,7,country rock,2,69,1966,2,69,Roger Miller,You Can't Roller Skate In A Buffalo Herd
Chasin' The WindChicago,Chicago,Chasin' The Wind,"['adult standards', 'album rock', 'classic rock', 'folk rock', 'mellow gold', 'rock', 'soft rock', 'yacht rock']",5MhKJbDDBve7H2UMSpAhKo,https://p.scdn.co/mp3-preview/300d83260077b2b1b9b19e93e1fc666f3bb95087?cid=b8d3901151d34489a160e3cf0ab1fa94,The Very Best of Chicago: Only the Beginning,FALSE,258666,16,0.408,0.65,7,-5.844,1,0.0329,0.201,2.3e-5,0.344,0.271,80.116,4,http://www.billboard.com/charts/hot-100/1991-03-02,3/2/1991,42,Chasin' The Wind,Chicago,1,47,42,6,rock,1991-03-02,1991,3,classic,6,42,1991,6,42,Chicago,Chasin' The Wind
Objects In The Rear View Mirror May Appear Closer Than...Meat Loaf,Meat Loaf,Objects In The Rear View Mirror May Appear Closer Than...,"['album rock', 'mellow gold', 'rock', 'soft rock']",6Vfiskl8VZSui0ggqd5Mfg,NA,Bat Out Of Hell II: Back Into Hell,FALSE,615093,34,0.396,0.584,5,-5.568,1,0.0339,0.802,2.37e-6,0.133,0.338,120.461,4,http://www.billboard.com/charts/hot-100/1994-07-02,7/2/1994,53,Objects In The Rear View Mirror May Appear Closer Than...,Meat Loaf,1,44,38,8,rock,1994-07-02,1994,7,soft rock,8,38,1994,8,38,Meat Loaf,Objects In The Rear View Mirror May Appear Closer Than...
Leave Virginia AloneRod Stewart,Rod Stewart,Leave Virginia Alone,"['adult standards', 'mellow gold', 'soft rock']",0mxf00t6M7TpfOtLG9aPvL,https://p.scdn.co/mp3-preview/b989bdffe9a6edd2152c1632ca266be3cc5f328c?cid=b8d3901151d34489a160e3cf0ab1fa94,A Spanner in the Works,FALSE,247400,20,0.771,0.616,1,-7.837,1,0.026,0.389,1.61e-6,0.0621,0.901,119.825,4,http://www.billboard.com/charts/hot-100/1995-08-19,8/19/1995,100,Leave Virginia Alone,Rod Stewart,1,79,52,12,rock,1995-08-19,1995,8,soft rock,12,52,1995,12,52,Rod Stewart,Leave Virginia Alone
Objects In The Rear View Mirror May Appear Closer Than...Meat Loaf,Meat Loaf,Objects In The Rear View Mirror May Appear Closer Than...,"['album rock', 'mellow gold', 'rock', 'soft rock']",6Vfiskl8VZSui0ggqd5Mfg,NA,Bat Out Of Hell II: Back Into Hell,FALSE,615093,34,0.396,0.584,5,-5.568,1,0.0339,0.802,2.37e-6,0.133,0.338,120.461,4,http://www.billboard.com/charts/hot-100/1994-05-14,5/14/1994,73,Objects In The Rear View Mirror May Appear Closer Than...,Meat Loaf,1,NA,73,1,rock,1994-05-14,1994,5,soft rock,1,73,1994,1,73,Meat Loaf,Objects In The Rear View Mirror May Appear Closer Than...
BimbombeyJimmie Rodgers,Jimmie Rodgers,Bimbombey,"['appalachian folk', 'country rock', 'folk', 'old-time', 'traditional country', 'traditional folk', 'yodeling']",4SUe5YYM38r0eVuTRrTyv1,https://p.scdn.co/mp3-preview/940012bad8c151042626c63bb40efe6af5bd5aa3?cid=b8d3901151d34489a160e3cf0ab1fa94,The Best Of Jimmie Rodgers,FALSE,137600,13,0.715,0.39,11,-10.974,1,0.0315,0.498,0,0.065,0.769,89.272,4,http://www.billboard.com/charts/hot-100/1959-01-03,1/3/1959,13,Bimbombey,Jimmie Rodgers,1,15,11,9,rock,1959-01-03,1959,1,country rock,9,11,1959,9,11,Jimmie Rodgers,Bimbombey
You May Be RightBilly Joel,Billy Joel,You May Be Right,"['album rock', 'classic rock', 'folk rock', 'mellow gold', 'piano rock', 'rock', 'singer-songwriter', 'soft rock']",7gMOe0gXYcELUoVugfMmHP,https://p.scdn.co/mp3-preview/6d635085e15884566925c2573c3b60b7ecc08b2f?cid=b8d3901151d34489a160e3cf0ab1fa94,Glass Houses,FALSE,253200,62,0.567,0.945,9,-7.243,1,0.0458,0.175,2.6e-6,0.35,0.961,150.792,4,http://www.billboard.com/charts/hot-100/1980-03-15,3/15/1980,53,You May Be Right,Billy Joel,1,NA,53,1,rock,1980-03-15,1980,3,classic,1,53,1980,1,53,Billy Joel,You May Be Right
Get Out Of DenverBob Seger,Bob Seger,Get Out Of Denver,"['album rock', 'classic rock', 'folk rock', 'hard rock', 'heartland rock', 'mellow gold', 'rock', 'soft rock']",0e9YaZqnRi3QYSMUIdcarE,NA,'Live' Bullet,FALSE,320240,33,0.25,0.991,2,-3.36,1,0.507,0.0389,4.11e-5,0.909,0.368,158.905,4,http://www.billboard.com/charts/hot-100/1974-08-10,8/10/1974,80,Get Out Of Denver,Bob Seger,1,88,80,3,rock,1974-08-10,1974,8,hard,3,80,1974,3,80,Bob Seger,Get Out Of Denver
"Streets Of Philadelphia (From ""Philadelphia"")Bruce Springsteen",Bruce Springsteen,"Streets Of Philadelphia (From ""Philadelphia"")","['heartland rock', 'mellow gold', 'permanent wave', 'rock', 'singer-songwriter']",5Nj8kBJdpJJ4I9wxQyp8JH,https://p.scdn.co/mp3-preview/2657c3f1d65efc5887928aecd3023da2fcb926ee?cid=b8d3901151d34489a160e3cf0ab1fa94,PHILADELPHIA - Music From The Motion Picture,FALSE,252493,38,0.708,0.19,5,-16.578,1,0.0326,0.194,0.226,0.0916,0.47,93.669,4,http://www.billboard.com/charts/hot-100/1994-05-21,5/21/1994,17,"Streets Of Philadelphia (From ""Philadelphia"")",Bruce Springsteen,1,17,9,14,rock,1994-05-21,1994,5,permanent wave,14,9,1994,14,9,Bruce Springsteen,"Streets Of Philadelphia (From ""Philadelphia"")"
No One To Depend OnSantana,Santana,No One To Depend On,"['blues rock', 'classic rock']",3pPnys7mGV0DQkQoxmovXi,https://p.scdn.co/mp3-preview/73385b4449dfddba5bb8ef6b18b4c8ee53234e0f?cid=b8d3901151d34489a160e3cf0ab1fa94,Santana (III),FALSE,331333,44,0.576,0.687,0,-10.941,1,0.0391,0.05,0.0199,0.129,0.73,111.034,4,http://www.billboard.com/charts/hot-100/1972-03-11,3/11/1972,37,No One To Depend On,Santana,1,41,37,5,rock,1972-03-11,1972,3,blues,5,37,1972,5,37,Santana,No One To Depend On
Take It AwayPaul McCartney,Paul McCartney,Take It Away,"['album rock', 'classic rock', 'folk rock', 'mellow gold', 'rock', 'soft rock']",2t2gZb03AlCSlBzbWeeHsM,NA,Tug Of War,FALSE,256053,35,0.582,0.632,2,-8.954,1,0.0368,0.00814,5.15e-5,0.0755,0.928,134.875,4,http://www.billboard.com/charts/hot-100/1982-10-09,10/9/1982,88,Take It Away,Paul McCartney,1,66,10,14,rock,1982-10-09,1982,10,classic,14,10,1982,14,10,Paul McCartney,Take It Away
Rhythm Of My HeartRod Stewart,Rod Stewart,Rhythm Of My Heart,"['adult standards', 'mellow gold', 'soft rock']",6pceknxOgA22HKs99yPEm1,https://p.scdn.co/mp3-preview/6440c7ce4a7aeb36623106943fcdda2c26a5558b?cid=b8d3901151d34489a160e3cf0ab1fa94,Vagabond Heart (Expanded Edition),FALSE,254866,55,0.582,0.54,1,-11.021,1,0.0321,0.0621,0,0.178,0.433,94.955,4,http://www.billboard.com/charts/hot-100/1991-03-16,3/16/1991,53,Rhythm Of My Heart,Rod Stewart,1,NA,53,1,rock,1991-03-16,1991,3,soft rock,1,53,1991,1,53,Rod Stewart,Rhythm Of My Heart
Don't Know What You Got (Till It's Gone)Cinderella,Cinderella,Don't Know What You Got (Till It's Gone),"['album rock', 'glam metal', 'hard rock', 'metal', 'rock']",5QRs63VVKNaqUjg6XSSckM,NA,Long Cold Winter,FALSE,354640,62,0.384,0.535,9,-9.939,1,0.0289,0.238,4.5e-4,0.0533,0.232,132.445,4,http://www.billboard.com/charts/hot-100/1989-01-21,1/21/1989,82,Don't Know What You Got (Till It's Gone),Cinderella,1,64,12,21,rock,1989-01-21,1989,1,metal,21,12,1989,21,12,Cinderella,Don't Know What You Got (Till It's Gone)
School's OutKrokus,Krokus,School's Out,"['album rock', 'blues rock', 'classic rock', 'glam metal', 'hard rock', 'metal', 'rock', 'swiss rock']",0vAQuXGvwjKApDWPlIWWSt,https://p.scdn.co/mp3-preview/a08f130e3d107c061cafa662a870f8890979bd2f?cid=b8d3901151d34489a160e3cf0ab1fa94,Stayed Awake All Night,FALSE,196973,21,0.434,0.806,0,-11.259,1,0.0339,0.00107,2.47e-4,0.447,0.43,136.692,4,http://www.billboard.com/charts/hot-100/1986-06-28,6/28/1986,67,School's Out,Krokus,1,68,67,4,rock,1986-06-28,1986,6,blues,4,67,1986,4,67,Krokus,School's Out
Last Night On EarthU2,U2,Last Night On Earth,"['irish rock', 'permanent wave', 'rock']",19Sbxm5YTEFwpCYMxrw1gz,NA,Pop,FALSE,285666,38,0.552,0.696,1,-8.374,1,0.0324,0.00661,0.00104,0.0721,0.52,116.175,4,http://www.billboard.com/charts/hot-100/1997-07-19,7/19/1997,57,Last Night On Earth,U2,1,NA,57,1,rock,1997-07-19,1997,7,permanent wave,1,57,1997,1,57,U2,Last Night On Earth
Here I Am (Just When I Thought I Was Over You)Air Supply,Air Supply,Here I Am (Just When I Thought I Was Over You),"['adult standards', 'mellow gold', 'soft rock']",38mMrNPAJKXMBK2l9actEA,https://p.scdn.co/mp3-preview/8fa34f4acdf5f98d16e2ad75fc335c96df68f3d8?cid=b8d3901151d34489a160e3cf0ab1fa94,The One That You Love,FALSE,230400,58,0.344,0.466,0,-8.453,1,0.0255,0.534,1.61e-5,0.569,0.132,137.974,4,http://www.billboard.com/charts/hot-100/1981-12-05,12/5/1981,5,Here I Am (Just When I Thought I Was Over You),Air Supply,1,5,5,11,rock,1981-12-05,1981,12,soft rock,11,5,1981,11,5,Air Supply,Here I Am (Just When I Thought I Was Over You)
The Horizontal BopBob Seger,Bob Seger,The Horizontal Bop,"['album rock', 'classic rock', 'folk rock', 'hard rock', 'heartland rock', 'mellow gold', 'rock', 'soft rock']",6o8gxO2r5EAJFSzYFryqrV,NA,Against The Wind,FALSE,243360,40,0.611,0.826,0,-4.119,1,0.0858,0.148,2.36e-5,0.0799,0.792,152.354,4,http://www.billboard.com/charts/hot-100/1980-11-08,11/8/1980,90,The Horizontal Bop,Bob Seger,1,NA,90,1,rock,1980-11-08,1980,11,hard,1,90,1980,1,90,Bob Seger,The Horizontal Bop
InnocentThe Whispers,The Whispers,Innocent,"['classic soul', 'disco', 'funk', 'motown', 'new jack swing', 'post-disco', 'quiet storm', 'rock steady', 'soul', 'urban contemporary']",0PRgPkCr1xGzXcVbHb8njU,NA,More Of The Night,FALSE,316466,24,0.751,0.601,1,-8.206,1,0.044,0.00823,0.00329,0.0651,0.772,104.414,4,http://www.billboard.com/charts/hot-100/1990-09-08,9/8/1990,58,Innocent,The Whispers,1,59,58,6,rock,1990-09-08,1990,9,classic,6,58,1990,6,58,The Whispers,Innocent
Call On MeChicago,Chicago,Call On Me,"['adult standards', 'album rock', 'classic rock', 'folk rock', 'mellow gold', 'rock', 'soft rock', 'yacht rock']",5BCPL5mWm6UqI4atl18kVm,https://p.scdn.co/mp3-preview/c38e3c6a9f7e7f5edf8b83bfce4b7f1261f00e3f?cid=b8d3901151d34489a160e3cf0ab1fa94,Chicago VII (Expanded & Remastered),FALSE,242653,40,0.596,0.796,11,-8.339,0,0.0644,0.156,5.42e-4,0.0881,0.886,130.316,4,http://www.billboard.com/charts/hot-100/1974-09-28,9/28/1974,95,Call On Me,Chicago,1,61,6,15,rock,1974-09-28,1974,9,classic,15,6,1974,15,6,Chicago,Call On Me
Twist And ShoutThe Beatles,The Beatles,Twist And Shout,"['british invasion', 'merseybeat', 'psychedelic rock', 'rock']",5ZBeML7Lf3FMEVviTyvi8l,NA,Please Please Me (Remastered),FALSE,155226,75,0.482,0.849,2,-9.198,1,0.0452,0.641,7.74e-6,0.0414,0.937,124.631,4,http://www.billboard.com/charts/hot-100/1986-09-20,9/20/1986,25,Twist And Shout,The Beatles,2,29,25,18,rock,1986-09-20,1986,9,british,18,25,1986,18,25,The Beatles,Twist And Shout
Two HeartsPhil Collins,Phil Collins,Two Hearts,"['mellow gold', 'soft rock']",0vDSWxRlWN0LWsSQdGIPuE,https://p.scdn.co/mp3-preview/b74b1ad0a492892dfeea59d70aa4fde553b401de?cid=b8d3901151d34489a160e3cf0ab1fa94,The Singles (Expanded),FALSE,204253,55,0.568,0.912,7,-3.25,1,0.0366,0.297,0.0497,0.0717,0.729,155.546,4,http://www.billboard.com/charts/hot-100/1989-02-11,2/11/1989,22,Two Hearts,Phil Collins,1,10,1,13,rock,1989-02-11,1989,2,soft rock,13,1,1989,13,1,Phil Collins,Two Hearts
Gimmie That GirlJoe Nichols,Joe Nichols,Gimmie That Girl,"['arkansas country', 'contemporary country', 'country', 'country road', 'modern country rock']",7xoBJ4hih949Jeu5ZfzBai,NA,Old Things New,FALSE,185453,61,0.5,0.9,2,-3.577,1,0.117,0.205,2.51e-4,0.694,0.675,162.249,4,http://www.billboard.com/charts/hot-100/2010-07-03,7/3/2010,67,Gimmie That Girl,Joe Nichols,1,68,34,17,rock,2010-07-03,2010,7,country rock,17,34,2010,17,34,Joe Nichols,Gimmie That Girl
That's LifeDavid Lee Roth,David Lee Roth,That's Life,"['album rock', 'classic rock', 'glam metal', 'hard rock', 'metal', 'neo classical metal', 'rock']",4w6jUILSRpQ9I8XJ2pbzt3,https://p.scdn.co/mp3-preview/78559c2b1ed9ab2cde9170fbb2f2a0a1bc11e44e?cid=b8d3901151d34489a160e3cf0ab1fa94,Eat 'Em And Smile,FALSE,165533,36,0.425,0.523,9,-11.467,1,0.0366,0.0956,0,0.0454,0.742,128.614,3,http://www.billboard.com/charts/hot-100/1986-11-22,11/22/1986,94,That's Life,David Lee Roth,1,NA,94,1,rock,1986-11-22,1986,11,metal,1,94,1986,1,94,David Lee Roth,That's Life
There's No Easy WayJames Ingram,James Ingram,There's No Easy Way,"['adult standards', 'quiet storm', 'soft rock', 'urban contemporary']",7ePEIbrsRXk9En7noiLAo7,NA,It's Your Night,FALSE,227293,58,0.59,0.172,8,-16.241,1,0.0412,0.681,0,0.146,0.18,127.963,4,http://www.billboard.com/charts/hot-100/1984-05-12,5/12/1984,58,There's No Easy Way,James Ingram,1,59,58,6,rock,1984-05-12,1984,5,soft rock,6,58,1984,6,58,James Ingram,There's No Easy Way
Dolly DaggerJimi Hendrix,Jimi Hendrix,Dolly Dagger,"['album rock', 'blues rock', 'classic rock', 'hard rock', 'psychedelic rock', 'rock']",417qXCSHPqUYQHyPbRTpM2,https://p.scdn.co/mp3-preview/db77a3cf962cf8f9247e1ccf8f4f42489982c6d3?cid=b8d3901151d34489a160e3cf0ab1fa94,Experience Hendrix: The Best Of Jimi Hendrix,FALSE,285386,41,0.501,0.886,5,-5.85,0,0.0885,0.0924,1.07e-5,0.599,0.797,121.053,4,http://www.billboard.com/charts/hot-100/1971-11-20,11/20/1971,80,Dolly Dagger,Jimi Hendrix,1,80,80,5,rock,1971-11-20,1971,11,blues,5,80,1971,5,80,Jimi Hendrix,Dolly Dagger
If You Ever Have Forever In MindVince Gill,Vince Gill,If You Ever Have Forever In Mind,"['country', 'country rock', 'oklahoma country']",6ClUwlYW2JeMQryMhBK8DU,NA,The Key,FALSE,279826,31,0.293,0.251,5,-10.808,1,0.0281,0.854,2.66e-4,0.0963,0.297,182.237,3,http://www.billboard.com/charts/hot-100/1998-08-29,8/29/1998,73,If You Ever Have Forever In Mind,Vince Gill,1,68,60,9,rock,1998-08-29,1998,8,country rock,9,60,1998,9,60,Vince Gill,If You Ever Have Forever In Mind
The Guitar ManBread,Bread,The Guitar Man,"['adult standards', 'country rock', 'folk', 'folk rock', 'mellow gold', 'soft rock']",1mcQF2Oq45J4RaqvhvZps7,https://p.scdn.co/mp3-preview/226cff0c677ff889d8b5814a4c9d51bb391e2dbd?cid=b8d3901151d34489a160e3cf0ab1fa94,Late Night Tales: Music For Pleasure,FALSE,225053,32,0.279,0.646,4,-7.907,0,0.0464,0.231,0.0011,0.309,0.485,142.649,4,http://www.billboard.com/charts/hot-100/1972-08-26,8/26/1972,13,The Guitar Man,Bread,1,17,13,5,rock,1972-08-26,1972,8,country rock,5,13,1972,5,13,Bread,The Guitar Man
Without Your LoveToto,Toto,Without Your Love,"['album rock', 'mellow gold', 'rock', 'soft rock', 'yacht rock']",5aXXQImc2wqmOcWOpXcYPW,https://p.scdn.co/mp3-preview/b9630ca319c56f69fa60a50fd930b3203a581b13?cid=b8d3901151d34489a160e3cf0ab1fa94,Fahrenheit,FALSE,272506,41,0.736,0.468,2,-15.173,1,0.0502,0.0948,3.28e-6,0.0949,0.912,138.221,4,http://www.billboard.com/charts/hot-100/1987-01-24,1/24/1987,50,Without Your Love,Toto,1,58,50,5,rock,1987-01-24,1987,1,soft rock,5,50,1987,5,50,Toto,Without Your Love
HappyThe Rolling Stones,The Rolling Stones,Happy,"['album rock', 'british invasion', 'classic rock', 'protopunk', 'rock']",5fXRPS1tp70DbqsBZVyG4e,NA,Exile On Main Street (Deluxe Version),FALSE,184626,53,0.555,0.897,4,-3.469,1,0.0293,0.361,0.94,0.536,0.965,131.712,4,http://www.billboard.com/charts/hot-100/1972-08-12,8/12/1972,23,Happy,The Rolling Stones,1,28,23,5,rock,1972-08-12,1972,8,british,5,23,1972,5,23,The Rolling Stones,Happy
House Of The Rising SunFrijid Pink,Frijid Pink,House Of The Rising Sun,"['blues rock', 'psychedelic blues-rock', 'psychedelic rock']",6IjvCFBNprUHhlamLey2Tb,NA,20 #1's Classic Rock (Vol. 3),FALSE,283960,25,0.315,0.776,9,-6.443,1,0.0695,0.191,2.88e-4,0.149,0.212,114.49,4,http://www.billboard.com/charts/hot-100/1970-03-07,3/7/1970,21,House Of The Rising Sun,Frijid Pink,1,25,21,5,rock,1970-03-07,1970,3,blues,5,21,1970,5,21,Frijid Pink,House Of The Rising Sun
One Step CloserThe Doobie Brothers,The Doobie Brothers,One Step Closer,"['album rock', 'art rock', 'blues rock', 'classic rock', 'country rock', 'folk rock', 'hard rock', 'heartland rock', 'mellow gold', 'psychedelic rock', 'rock', 'roots rock', 'soft rock', 'yacht rock']",5MExTByQ0SqNrw5ivKggdB,https://p.scdn.co/mp3-preview/f000907c165cafc33d0e1cce54388ada89683942?cid=b8d3901151d34489a160e3cf0ab1fa94,One Step Closer,FALSE,251893,33,0.663,0.552,9,-8.82,1,0.0342,0.403,0,0.0362,0.773,131.249,4,http://www.billboard.com/charts/hot-100/1981-02-21,2/21/1981,99,One Step Closer,The Doobie Brothers,1,80,24,14,rock,1981-02-21,1981,2,blues,14,24,1981,14,24,The Doobie Brothers,One Step Closer
Nobody's FoolCinderella,Cinderella,Nobody's Fool,"['album rock', 'glam metal', 'hard rock', 'metal', 'rock']",01Q4wU19hamqnhNjtuvTyI,NA,Night Songs,FALSE,287400,60,0.382,0.458,9,-13.559,0,0.0286,0.0652,0.00167,0.259,0.157,67.233,4,http://www.billboard.com/charts/hot-100/1987-01-31,1/31/1987,22,Nobody's Fool,Cinderella,1,26,22,13,rock,1987-01-31,1987,1,metal,13,22,1987,13,22,Cinderella,Nobody's Fool
LegsZZ Top,ZZ Top,Legs,"['album rock', 'blues rock', 'classic rock', 'hard rock', 'metal', 'rock']",7t6CAWplijBj4sdl0q3z0e,https://p.scdn.co/mp3-preview/ff63107edbad10866582085f787191eb425526d9?cid=b8d3901151d34489a160e3cf0ab1fa94,Eliminator,FALSE,273906,60,0.611,0.946,4,-5.357,1,0.0378,0.00957,0.0708,0.36,0.763,125.398,4,http://www.billboard.com/charts/hot-100/1984-06-09,6/9/1984,25,Legs,ZZ Top,1,36,25,4,rock,1984-06-09,1984,6,blues,4,25,1984,4,25,ZZ Top,Legs
Down On LoveForeigner,Foreigner,Down On Love,"['album rock', 'classic rock', 'hard rock', 'mellow gold', 'rock', 'soft rock']",2Y595I3I2LYhnTTXGrg2MX,https://p.scdn.co/mp3-preview/8f43ceb618d278baf319816212a27e3e11f4924f?cid=b8d3901151d34489a160e3cf0ab1fa94,Agent Provocateur,FALSE,249933,36,0.364,0.61,4,-5.859,1,0.0305,0.224,0,0.305,0.37,186.427,4,http://www.billboard.com/charts/hot-100/1985-08-24,8/24/1985,64,Down On Love,Foreigner,1,74,64,2,rock,1985-08-24,1985,8,hard,2,64,1985,2,64,Foreigner,Down On Love
NightshiftCommodores,Commodores,Nightshift,"['adult standards', 'classic soul', 'disco', 'funk', 'mellow gold', 'motown', 'quiet storm', 'soft rock', 'soul']",23IK8TF2MSiLnuEjaYPfVV,NA,Nightshift,FALSE,306560,62,0.736,0.571,8,-10.123,1,0.0388,0.604,0.0103,0.0662,0.38,105.066,4,http://www.billboard.com/charts/hot-100/1985-04-27,4/27/1985,4,Nightshift,Commodores,1,3,3,14,rock,1985-04-27,1985,4,classic,14,3,1985,14,3,Commodores,Nightshift
You Can't Roller Skate In A Buffalo HerdRoger Miller,Roger Miller,You Can't Roller Skate In A Buffalo Herd,"['comic', 'country', 'country rock', 'folk', 'nashville sound', 'oklahoma country', 'traditional folk']",4tTTwVxeUthDX37BUw1plJ,NA,Golden Hits,FALSE,114066,39,0.552,0.393,7,-12.171,1,0.134,0.954,0,0.109,0.903,174.488,4,http://www.billboard.com/charts/hot-100/1966-07-09,7/9/1966,57,You Can't Roller Skate In A Buffalo Herd,Roger Miller,1,69,57,3,rock,1966-07-09,1966,7,country rock,3,57,1966,3,57,Roger Miller,You Can't Roller Skate In A Buffalo Herd
Do I Wanna Know?Arctic Monkeys,Arctic Monkeys,Do I Wanna Know?,"['garage rock', 'modern rock', 'permanent wave', 'rock', 'sheffield indie']",5FVd6KXrgO9B3JPmC8OPst,https://p.scdn.co/mp3-preview/73e00a0a59c897b16d0fe30df43f7aeb2997079d?cid=b8d3901151d34489a160e3cf0ab1fa94,AM,FALSE,272394,84,0.548,0.532,5,-7.596,1,0.0323,0.186,2.63e-4,0.217,0.405,85.03,4,http://www.billboard.com/charts/hot-100/2014-01-18,1/18/2014,84,Do I Wanna Know?,Arctic Monkeys,1,92,83,5,rock,2014-01-18,2014,1,permanent wave,5,83,2014,5,83,Arctic Monkeys,Do I Wanna Know?
He Can't Love YouMichael Stanley Band,Michael Stanley Band,He Can't Love You,"['album rock', 'classic rock', 'heartland rock', 'mellow gold', 'soft rock']",1XymXdDST6eFyZQmjrnIIo,https://p.scdn.co/mp3-preview/883ee9fc8c4c3b08f5c882399c933389fed2e27f?cid=b8d3901151d34489a160e3cf0ab1fa94,Heartland (Remastered),FALSE,214613,38,0.553,0.88,0,-6.108,1,0.0319,0.00873,7.94e-6,0.0861,0.846,151.682,4,http://www.billboard.com/charts/hot-100/1980-12-20,12/20/1980,47,He Can't Love You,Michael Stanley Band,1,55,47,5,rock,1980-12-20,1980,12,classic,5,47,1980,5,47,Michael Stanley Band,He Can't Love You
Wishing You Were HereChicago,Chicago,Wishing You Were Here,"['adult standards', 'album rock', 'classic rock', 'folk rock', 'mellow gold', 'rock', 'soft rock', 'yacht rock']",5hxPho3IcyDVhzzwfQ47Xz,https://p.scdn.co/mp3-preview/eb65ebd0eaad4be1a20e83fd2f3fb06bee61a609?cid=b8d3901151d34489a160e3cf0ab1fa94,Chicago IX: Chicago's Greatest Hits,FALSE,276693,41,0.436,0.354,2,-16.176,0,0.0374,0.712,0.0165,0.211,0.397,136.625,4,http://www.billboard.com/charts/hot-100/1974-11-16,11/16/1974,19,Wishing You Were Here,Chicago,1,25,19,5,rock,1974-11-16,1974,11,classic,5,19,1974,5,19,Chicago,Wishing You Were Here
It's Still Rock And Roll To MeBilly Joel,Billy Joel,It's Still Rock And Roll To Me,"['album rock', 'classic rock', 'folk rock', 'mellow gold', 'piano rock', 'rock', 'singer-songwriter', 'soft rock']",64UioB4Nmwgn2f4cbIpAkl,https://p.scdn.co/mp3-preview/6093eca9ada1703e23bed495e84cb8ded9a6496f?cid=b8d3901151d34489a160e3cf0ab1fa94,Glass Houses,FALSE,176440,67,0.752,0.684,0,-7.599,1,0.15,0.0994,0,0.0897,0.539,141.075,4,http://www.billboard.com/charts/hot-100/1980-05-31,5/31/1980,21,It's Still Rock And Roll To Me,Billy Joel,1,38,21,2,rock,1980-05-31,1980,5,classic,2,21,1980,2,21,Billy Joel,It's Still Rock And Roll To Me
The Big MoneyRush,Rush,The Big Money,"['album rock', 'art rock', 'canadian metal', 'classic canadian rock', 'classic rock', 'hard rock', 'metal', 'progressive rock', 'rock']",4f6CJbnASHEtQspSwqoYlr,NA,Power Windows,FALSE,334493,42,0.462,0.96,9,-5.966,1,0.0835,0.129,0.0357,0.142,0.454,145.475,4,http://www.billboard.com/charts/hot-100/1986-01-04,1/4/1986,48,The Big Money,Rush,1,48,48,9,rock,1986-01-04,1986,1,metal,9,48,1986,9,48,Rush,The Big Money
Dream OnAerosmith,Aerosmith,Dream On,"['album rock', 'classic rock', 'hard rock', 'rock']",5MxNLUsfh7uzROypsoO5qe,https://p.scdn.co/mp3-preview/4c7fea33f70ea10631656c9bccace988ee2aaa42?cid=b8d3901151d34489a160e3cf0ab1fa94,Aerosmith,FALSE,266960,79,0.307,0.433,1,-10.057,1,0.029,0.388,9.08e-5,0.332,0.224,160.9,4,http://www.billboard.com/charts/hot-100/1976-02-14,2/14/1976,34,Dream On,Aerosmith,2,41,34,15,rock,1976-02-14,1976,2,hard,15,34,1976,15,34,Aerosmith,Dream On
She Thinks She Needs MeAndy Griggs,Andy Griggs,She Thinks She Needs Me,"['country', 'country road', 'modern country rock']",5Eph6Vs0PftspPXZqlVN2y,https://p.scdn.co/mp3-preview/aa1b0b198f7500248f70de8c99289a3597638ed3?cid=b8d3901151d34489a160e3cf0ab1fa94,This I Gotta See,FALSE,239000,49,0.497,0.568,0,-7.67,1,0.0285,0.0788,0,0.223,0.386,138.107,4,http://www.billboard.com/charts/hot-100/2004-09-11,9/11/2004,47,She Thinks She Needs Me,Andy Griggs,1,49,47,7,rock,2004-09-11,2004,9,country rock,7,47,2004,7,47,Andy Griggs,She Thinks She Needs Me
Just The Way You AreBilly Joel,Billy Joel,Just The Way You Are,"['album rock', 'classic rock', 'folk rock', 'mellow gold', 'piano rock', 'rock', 'singer-songwriter', 'soft rock']",49MHCPzvMLXhRjDantBMVH,https://p.scdn.co/mp3-preview/ef6c2caa85012dbc077651c06256c4b2b5940088?cid=b8d3901151d34489a160e3cf0ab1fa94,The Stranger (Legacy Edition),FALSE,290573,69,0.589,0.453,7,-8.912,1,0.0397,0.703,2.54e-5,0.134,0.513,139.148,4,http://www.billboard.com/charts/hot-100/1977-11-12,11/12/1977,89,Just The Way You Are,Billy Joel,1,NA,89,1,rock,1977-11-12,1977,11,classic,1,89,1977,1,89,Billy Joel,Just The Way You Are
Uptown GirlBilly Joel,Billy Joel,Uptown Girl,"['album rock', 'classic rock', 'folk rock', 'mellow gold', 'piano rock', 'rock', 'singer-songwriter', 'soft rock']",5zA8vzDGqPl2AzZkEYQGKh,https://p.scdn.co/mp3-preview/fcc3b727931ee5011d48e54124f7982cebc0433a?cid=b8d3901151d34489a160e3cf0ab1fa94,An Innocent Man,FALSE,197706,78,0.701,0.943,4,-2.986,1,0.0456,0.0747,0,0.601,0.791,128.992,4,http://www.billboard.com/charts/hot-100/1983-09-24,9/24/1983,70,Uptown Girl,Billy Joel,1,NA,70,1,rock,1983-09-24,1983,9,classic,1,70,1983,1,70,Billy Joel,Uptown Girl
"Wynken, Blynken And NodThe Doobie Brothers",The Doobie Brothers,"Wynken, Blynken And Nod","['album rock', 'art rock', 'blues rock', 'classic rock', 'country rock', 'folk rock', 'hard rock', 'heartland rock', 'mellow gold', 'psychedelic rock', 'rock', 'roots rock', 'soft rock', 'yacht rock']",10MjmQ55taeJazium0BoL7,https://p.scdn.co/mp3-preview/07ec50965df1857f0ca97d5ef09fb678c20ab7d1?cid=b8d3901151d34489a160e3cf0ab1fa94,The Very Best Of,FALSE,200320,29,0.549,0.472,2,-12.856,0,0.0345,0.882,0.00117,0.0934,0.677,85.632,4,http://www.billboard.com/charts/hot-100/1981-01-24,1/24/1981,88,"Wynken, Blynken And Nod",The Doobie Brothers,1,NA,88,1,rock,1981-01-24,1981,1,blues,1,88,1981,1,88,The Doobie Brothers,"Wynken, Blynken And Nod"
Say It Isn't SoDaryl Hall John Oates,Daryl Hall John Oates,Say It Isn't So,"['album rock', 'classic rock', 'mellow gold', 'rock', 'soft rock', 'yacht rock']",2bZswvNGESo7MKeg7SQ9rp,https://p.scdn.co/mp3-preview/50dcdca9dfb6d1da4a03fb427033d6066d70a561?cid=b8d3901151d34489a160e3cf0ab1fa94,The Very Best of Daryl Hall / John Oates,FALSE,257466,47,0.769,0.595,4,-11.796,0,0.028,0.0588,0,0.18,0.969,113.971,4,http://www.billboard.com/charts/hot-100/1984-02-04,2/4/1984,28,Say It Isn't So,Daryl Hall John Oates,1,15,2,15,rock,1984-02-04,1984,2,classic,15,2,1984,15,2,Daryl Hall John Oates,Say It Isn't So
Cum On Feel The NoizeQuiet Riot,Quiet Riot,Cum On Feel The Noize,"['album rock', 'classic rock', 'glam metal', 'hard rock', 'metal', 'rock']",6FBmHx1FuaSnTnnnaThgbF,https://p.scdn.co/mp3-preview/9954d51864d538a47cd2eb9c3367b0c429d54ee7?cid=b8d3901151d34489a160e3cf0ab1fa94,Quiet Riot - Greatest Hits,FALSE,287400,71,0.441,0.908,11,-4.627,0,0.115,1.83e-4,0.00328,0.0612,0.632,145.439,4,http://www.billboard.com/charts/hot-100/1983-11-12,11/12/1983,7,Cum On Feel The Noize,Quiet Riot,1,12,7,9,rock,1983-11-12,1983,11,metal,9,7,1983,9,7,Quiet Riot,Cum On Feel The Noize
WhippedJon Secada,Jon Secada,Whipped,['soft rock'],77km7GdVzfN7tY6IRapthq,NA,30 Exitos Insuperables,FALSE,273200,6,0.637,0.875,10,-6.292,0,0.0646,0.0131,3.37e-6,0.0458,0.814,92.027,4,http://www.billboard.com/charts/hot-100/1994-10-22,10/22/1994,69,Whipped,Jon Secada,1,69,65,6,rock,1994-10-22,1994,10,soft rock,6,65,1994,6,65,Jon Secada,Whipped
ButterflyCrazy Town,Crazy Town,Butterfly,"['alternative metal', 'funk metal', 'nu metal', 'post-grunge', 'rap rock']",4BggEwLhGfrbrl7JBhC8EC,https://p.scdn.co/mp3-preview/8bab4427d8ce0fcb58daacaa20d19864554806f1?cid=b8d3901151d34489a160e3cf0ab1fa94,The Gift Of Game,FALSE,216733,71,0.736,0.811,9,-4.17,0,0.081,0.00132,1.42e-4,0.107,0.609,103.502,4,http://www.billboard.com/charts/hot-100/2001-05-05,5/5/2001,11,Butterfly,Crazy Town,1,7,1,18,rock,2001-05-05,2001,5,metal,18,1,2001,18,1,Crazy Town,Butterfly
Hey NineteenSteely Dan,Steely Dan,Hey Nineteen,"['album rock', 'art rock', 'blues rock', 'classic rock', 'folk', 'folk rock', 'mellow gold', 'psychedelic rock', 'rock', 'roots rock', 'soft rock', 'yacht rock']",1tjK9HhmpEfk0ijyIKsoUk,NA,Gaucho,FALSE,307400,61,0.958,0.364,2,-11.1,1,0.0512,0.07,0.0031,0.0297,0.758,119.666,4,http://www.billboard.com/charts/hot-100/1980-12-13,12/13/1980,35,Hey Nineteen,Steely Dan,1,45,35,3,rock,1980-12-13,1980,12,blues,3,35,1980,3,35,Steely Dan,Hey Nineteen
Baby JaneRod Stewart,Rod Stewart,Baby Jane,"['adult standards', 'mellow gold', 'soft rock']",1wrT33b6HuKlpk9ziscEUY,https://p.scdn.co/mp3-preview/879e8c3dc2abb0944436ee7ef8fda09456af6e16?cid=b8d3901151d34489a160e3cf0ab1fa94,Body Wishes,FALSE,283493,60,0.641,0.796,2,-8.56,0,0.0407,0.0137,1.15e-4,0.358,0.727,123.229,4,http://www.billboard.com/charts/hot-100/1983-06-11,6/11/1983,32,Baby Jane,Rod Stewart,1,42,32,3,rock,1983-06-11,1983,6,soft rock,3,32,1983,3,32,Rod Stewart,Baby Jane
Talk Dirty To MePoison,Poison,Talk Dirty To Me,"['album rock', 'glam metal', 'hard rock', 'rock']",08QP0rwnQSbbpGRIuXfrAY,NA,Look What The Cat Dragged In - 20th Anniversary Edition,FALSE,223733,57,0.491,0.957,11,-3.67,1,0.096,0.00853,8.79e-4,0.371,0.635,158.067,4,http://www.billboard.com/charts/hot-100/1987-06-20,6/20/1987,68,Talk Dirty To Me,Poison,1,45,9,15,rock,1987-06-20,1987,6,metal,15,9,1987,15,9,Poison,Talk Dirty To Me
Lonely DaysBee Gees,Bee Gees,Lonely Days,"['adult standards', 'disco', 'mellow gold', 'soft rock']",7uLKyipL5WfndsHMRSGEUS,NA,2 Years On,FALSE,225666,49,0.344,0.243,0,-14.204,0,0.0352,0.684,2.47e-5,0.484,0.339,94.662,4,http://www.billboard.com/charts/hot-100/1971-01-02,1/2/1971,21,Lonely Days,Bee Gees,1,26,21,5,rock,1971-01-02,1971,1,soft rock,5,21,1971,5,21,Bee Gees,Lonely Days
I'll Be AroundThe Spinners,The Spinners,I'll Be Around,"['classic soul', 'disco', 'funk', 'mellow gold', 'motown', 'philly soul', 'quiet storm', 'soft rock', 'soul', 'southern soul']",2vLaES21zwbX1Rnmj56Bbb,https://p.scdn.co/mp3-preview/0d5f27ad9fee0cebd40c5ee5d113c5ae2eaca9e0?cid=b8d3901151d34489a160e3cf0ab1fa94,Spinners,FALSE,188800,63,0.593,0.791,8,-8.698,0,0.068,0.175,0,0.0976,0.63,112.295,4,http://www.billboard.com/charts/hot-100/1972-10-28,10/28/1972,14,I'll Be Around,The Spinners,1,28,14,7,rock,1972-10-28,1972,10,classic,7,14,1972,7,14,The Spinners,I'll Be Around
Where The Stars And Stripes And The Eagle FlyAaron Tippin,Aaron Tippin,Where The Stars And Stripes And The Eagle Fly,"['country', 'country road', 'country rock', 'redneck']",1tTZM7LUDkxcykOVVIGW4W,NA,Stars And Stripes,FALSE,228200,48,0.586,0.751,2,-4.03,1,0.0285,0.0364,8e-5,0.321,0.385,100.044,4,http://www.billboard.com/charts/hot-100/2002-01-05,1/5/2002,24,Where The Stars And Stripes And The Eagle Fly,Aaron Tippin,1,20,20,12,rock,2002-01-05,2002,1,country rock,12,20,2002,12,20,Aaron Tippin,Where The Stars And Stripes And The Eagle Fly
It's My JobJimmy Buffett,Jimmy Buffett,It's My Job,"['folk rock', 'mellow gold', 'soft rock']",4knKfxkzTjKGQ2CrkyDr1N,NA,Coconut Telegraph,FALSE,192906,24,0.63,0.335,5,-14.372,1,0.0361,0.527,0,0.127,0.469,127.971,4,http://www.billboard.com/charts/hot-100/1981-03-21,3/21/1981,59,It's My Job,Jimmy Buffett,1,60,59,5,rock,1981-03-21,1981,3,soft rock,5,59,1981,5,59,Jimmy Buffett,It's My Job
EighteenAlice Cooper,Alice Cooper,Eighteen,"['album rock', 'blues rock', 'classic rock', 'comic', 'glam metal', 'glam rock', 'hard rock', 'metal', 'protopunk', 'rock']",3YU9X8ryOR20beT7wOlDIJ,https://p.scdn.co/mp3-preview/766cdf944f4241b852c022f21d7f700461fdbc55?cid=b8d3901151d34489a160e3cf0ab1fa94,Love It To Death,FALSE,180760,56,0.618,0.413,4,-14.164,0,0.0302,0.249,0.0517,0.131,0.531,97.84,4,http://www.billboard.com/charts/hot-100/1971-04-03,4/3/1971,27,Eighteen,Alice Cooper,1,32,27,7,rock,1971-04-03,1971,4,blues,7,27,1971,7,27,Alice Cooper,Eighteen
She Don't Know MeBon Jovi,Bon Jovi,She Don't Know Me,"['glam metal', 'rock']",5ponLS88v37duDQHewRDaX,NA,Bon Jovi,FALSE,242400,41,0.553,0.974,3,-3.949,1,0.0741,3.43e-4,4.39e-5,0.258,0.384,127.89,4,http://www.billboard.com/charts/hot-100/1984-07-28,7/28/1984,89,She Don't Know Me,Bon Jovi,1,68,48,10,rock,1984-07-28,1984,7,metal,10,48,1984,10,48,Bon Jovi,She Don't Know Me
Love Sneakin' Up On YouBonnie Raitt,Bonnie Raitt,Love Sneakin' Up On You,"['country rock', 'electric blues', 'folk', 'folk rock', 'lilith', 'mellow gold', 'rock', 'roots rock', 'singer-songwriter', 'soft rock']",1UtxIyLkTt7iR5TcWLt8IT,NA,The Best Of Bonnie Raitt On Capitol 1989-2003,FALSE,220733,30,0.483,0.673,7,-8.105,1,0.0438,0.0217,6.53e-6,0.209,0.558,189.704,4,http://www.billboard.com/charts/hot-100/1994-06-11,6/11/1994,40,Love Sneakin' Up On You,Bonnie Raitt,1,31,19,14,rock,1994-06-11,1994,6,blues,14,19,1994,14,19,Bonnie Raitt,Love Sneakin' Up On You
CrazySeal,Seal,Crazy,"['british soul', 'soft rock']",6Vz7vzOpCwKeSQlfViibuY,https://p.scdn.co/mp3-preview/10430129f53835a63dc7bc977a1ada82efc8865e?cid=b8d3901151d34489a160e3cf0ab1fa94,Best 1991 - 2004,FALSE,356520,64,0.633,0.858,11,-7.42,0,0.0473,0.208,0.0114,0.0655,0.725,102.559,4,http://www.billboard.com/charts/hot-100/1991-08-17,8/17/1991,14,Crazy,Seal,1,16,14,9,rock,1991-08-17,1991,8,british,9,14,1991,9,14,Seal,Crazy
ShandiKISS,KISS,Shandi,"['album rock', 'classic rock', 'glam rock', 'hard rock', 'metal', 'rock']",1aJtdcYdncvyNrVKCcj0eD,NA,Unmasked,FALSE,216866,46,0.535,0.771,4,-6.463,1,0.0313,0.0714,0,0.0446,0.818,103.324,4,http://www.billboard.com/charts/hot-100/1980-07-26,7/26/1980,47,Shandi,KISS,1,50,47,6,rock,1980-07-26,1980,7,metal,6,47,1980,6,47,KISS,Shandi
Bloody Well RightSupertramp,Supertramp,Bloody Well Right,"['album rock', 'art rock', 'classic rock', 'glam rock', 'mellow gold', 'piano rock', 'progressive rock', 'rock', 'soft rock']",2SmlWvdYG6FsagxN3FkHMI,NA,Crime Of The Century (Remastered),FALSE,272432,56,0.551,0.445,3,-13.885,1,0.187,0.46,0.0219,0.0704,0.613,74.705,4,http://www.billboard.com/charts/hot-100/1975-04-26,4/26/1975,63,Bloody Well Right,Supertramp,1,74,63,3,rock,1975-04-26,1975,4,classic,3,63,1975,3,63,Supertramp,Bloody Well Right
Play Something CountryBrooks & Dunn,Brooks & Dunn,Play Something Country,"['contemporary country', 'country', 'country road', 'country rock']",7MevrbPAGEaw1IgkaBmv82,https://p.scdn.co/mp3-preview/ef039a5bbb76f38c6b475eea33f1b6fb394dc892?cid=b8d3901151d34489a160e3cf0ab1fa94,#1s ... and then some,FALSE,195586,57,0.684,0.909,0,-3.797,1,0.0321,0.0782,1.22e-6,0.373,0.864,115.034,4,http://www.billboard.com/charts/hot-100/2005-09-03,9/3/2005,67,Play Something Country,Brooks & Dunn,1,70,67,10,rock,2005-09-03,2005,9,country rock,10,67,2005,10,67,Brooks & Dunn,Play Something Country
StrangerStephen Stills,Stephen Stills,Stranger,"['blues rock', 'classic rock', 'country rock', 'folk', 'folk rock', 'mellow gold', 'psychedelic rock', 'rock', 'roots rock', 'singer-songwriter', 'soft rock', 'traditional folk']",5QTCFAfdrJgaabRzWwNEHa,https://p.scdn.co/mp3-preview/35ffd14578c2ed36574c4119e9286947c391593c?cid=b8d3901151d34489a160e3cf0ab1fa94,Right By You,FALSE,178333,7,0.777,0.645,9,-14.631,0,0.036,0.00813,0.00312,0.252,0.947,125.442,4,http://www.billboard.com/charts/hot-100/1984-08-18,8/18/1984,85,Stranger,Stephen Stills,1,90,85,2,rock,1984-08-18,1984,8,blues,2,85,1984,2,85,Stephen Stills,Stranger
Baby JaneRod Stewart,Rod Stewart,Baby Jane,"['adult standards', 'mellow gold', 'soft rock']",1wrT33b6HuKlpk9ziscEUY,https://p.scdn.co/mp3-preview/879e8c3dc2abb0944436ee7ef8fda09456af6e16?cid=b8d3901151d34489a160e3cf0ab1fa94,Body Wishes,FALSE,283493,60,0.641,0.796,2,-8.56,0,0.0407,0.0137,1.15e-4,0.358,0.727,123.229,4,http://www.billboard.com/charts/hot-100/1983-05-28,5/28/1983,53,Baby Jane,Rod Stewart,1,NA,53,1,rock,1983-05-28,1983,5,soft rock,1,53,1983,1,53,Rod Stewart,Baby Jane
Kiss ThisAaron Tippin,Aaron Tippin,Kiss This,"['country', 'country road', 'country rock', 'redneck']",038jgLNIvp7QQNf5vILf5d,NA,People Like Us,FALSE,173760,53,0.759,0.723,6,-5.38,0,0.0259,0.0487,5.88e-6,0.362,0.666,116.043,4,http://www.billboard.com/charts/hot-100/2000-10-28,10/28/2000,46,Kiss This,Aaron Tippin,1,42,42,10,rock,2000-10-28,2000,10,country rock,10,42,2000,10,42,Aaron Tippin,Kiss This
Night ShiftJon Pardi,Jon Pardi,Night Shift,"['contemporary country', 'country', 'country road', 'modern country rock']",0bPnT6i9H1p8Vd85GS6Z7I,NA,California Sunrise,FALSE,172253,74,0.628,0.757,7,-3.561,1,0.0281,0.113,0,0.263,0.727,96.016,4,https://www.billboard.com/charts/hot-100/2019-06-08,6/8/2019,88,Night Shift,Jon Pardi,2,90,56,15,rock,2019-06-08,2019,6,country rock,15,56,2019,15,56,Jon Pardi,Night Shift
I Won't Hold You BackToto,Toto,I Won't Hold You Back,"['album rock', 'mellow gold', 'rock', 'soft rock', 'yacht rock']",7D4EtbE7LfQiH8CWj7fQoz,https://p.scdn.co/mp3-preview/52983d124dd2734e45a5b643c35e1cd655410a37?cid=b8d3901151d34489a160e3cf0ab1fa94,Toto IV,FALSE,293306,57,0.539,0.306,0,-15.067,0,0.0265,0.404,0,0.0608,0.0637,102.247,4,http://www.billboard.com/charts/hot-100/1983-06-25,6/25/1983,62,I Won't Hold You Back,Toto,1,57,10,16,rock,1983-06-25,1983,6,soft rock,16,10,1983,16,10,Toto,I Won't Hold You Back
I Can See For MilesThe Who,The Who,I Can See For Miles,"['album rock', 'art rock', 'british invasion', 'classic rock', 'folk rock', 'hard rock', 'mellow gold', 'protopunk', 'rock', 'roots rock']",2nlSeJ6CgvWeVOkrLmadf6,NA,The Who Sell Out (Deluxe Edition),FALSE,248618,54,0.346,0.797,4,-7.805,1,0.0888,0.0399,2.17e-5,0.0728,0.196,130.91,4,http://www.billboard.com/charts/hot-100/1967-10-21,10/21/1967,48,I Can See For Miles,The Who,1,72,48,2,rock,1967-10-21,1967,10,british,2,48,1967,2,48,The Who,I Can See For Miles
Lonely And GoneMontgomery Gentry,Montgomery Gentry,Lonely And Gone,"['contemporary country', 'country', 'country road', 'country rock', 'modern country rock', 'redneck']",3DZ9lFH4NBO4FjRJAnQYef,https://p.scdn.co/mp3-preview/e629486f6e82006e677e22345873f5cde7cc3cee?cid=b8d3901151d34489a160e3cf0ab1fa94,Tattoos & Scars,FALSE,199733,37,0.531,0.696,4,-6.729,1,0.0258,0.15,1.6e-4,0.36,0.488,163.912,4,http://www.billboard.com/charts/hot-100/1999-08-14,8/14/1999,93,Lonely And Gone,Montgomery Gentry,1,99,93,3,rock,1999-08-14,1999,8,country rock,3,93,1999,3,93,Montgomery Gentry,Lonely And Gone
Take It To The LimitEagles,Eagles,Take It To The Limit,"['album rock', 'classic rock', 'folk rock', 'heartland rock', 'mellow gold', 'rock', 'soft rock', 'yacht rock']",2cWHN0WK52RGAWHgaDamUA,https://p.scdn.co/mp3-preview/4a967da0de1ea40c9b27718264c33438b19fc018?cid=b8d3901151d34489a160e3cf0ab1fa94,One of These Nights (2013 Remaster),FALSE,287090,63,0.435,0.423,11,-8.795,1,0.024,0.0916,6.59e-4,0.132,0.451,91.137,3,http://www.billboard.com/charts/hot-100/1975-12-27,12/27/1975,62,Take It To The Limit,Eagles,1,80,62,2,rock,1975-12-27,1975,12,classic,2,62,1975,2,62,Eagles,Take It To The Limit
Soul ProviderMichael Bolton,Michael Bolton,Soul Provider,"['adult standards', 'soft rock']",05M64X8usrSHqWTLHm48ff,https://p.scdn.co/mp3-preview/5f1162ae054e0f806158ab8d16846970c1a5d955?cid=b8d3901151d34489a160e3cf0ab1fa94,Soul Provider,FALSE,267293,49,0.609,0.42,0,-10.875,1,0.0249,0.08,0,0.347,0.448,83.552,4,http://www.billboard.com/charts/hot-100/1989-10-21,10/21/1989,88,Soul Provider,Michael Bolton,1,75,17,17,rock,1989-10-21,1989,10,soft rock,17,17,1989,17,17,Michael Bolton,Soul Provider
The Wreck Of The Edmund FitzgeraldGordon Lightfoot,Gordon Lightfoot,The Wreck Of The Edmund Fitzgerald,"['album rock', 'canadian country', 'canadian folk', 'canadian singer-songwriter', 'classic rock', 'country rock', 'folk', 'folk rock', 'mellow gold', 'rock', 'roots rock', 'singer-songwriter', 'soft rock', 'traditional folk']",536L9C0N7vhYdibCJx3cI2,https://p.scdn.co/mp3-preview/0ba5642161214b5a4e936b649bc7fd695ad9727f?cid=b8d3901151d34489a160e3cf0ab1fa94,Summertime Dream,FALSE,389280,60,0.308,0.376,4,-15.24,1,0.0626,0.116,2.52e-6,0.166,0.158,186.047,3,http://www.billboard.com/charts/hot-100/1976-09-25,9/25/1976,38,The Wreck Of The Edmund Fitzgerald,Gordon Lightfoot,1,42,38,5,rock,1976-09-25,1976,9,classic,5,38,1976,5,38,Gordon Lightfoot,The Wreck Of The Edmund Fitzgerald
Me And Julio Down By The SchoolyardPaul Simon,Paul Simon,Me And Julio Down By The Schoolyard,"['classic rock', 'folk', 'folk rock', 'mellow gold', 'permanent wave', 'rock', 'roots rock', 'singer-songwriter', 'soft rock']",6vxHp3CDNo0afgKGp2yi1E,https://p.scdn.co/mp3-preview/902633811e6a135bdd9ece72e92318e2ce2fe509?cid=b8d3901151d34489a160e3cf0ab1fa94,Paul Simon,FALSE,164813,71,0.626,0.816,9,-10.593,1,0.13,0.237,1.8e-6,0.104,0.798,105.33,4,http://www.billboard.com/charts/hot-100/1972-05-27,5/27/1972,22,Me And Julio Down By The Schoolyard,Paul Simon,1,24,22,8,rock,1972-05-27,1972,5,classic,8,22,1972,8,22,Paul Simon,Me And Julio Down By The Schoolyard
My Brave FacePaul McCartney,Paul McCartney,My Brave Face,"['album rock', 'classic rock', 'folk rock', 'mellow gold', 'rock', 'soft rock']",5ZI6c6IMIZ5jIQY08dggXi,NA,Flowers In The Dirt (Remastered),FALSE,200693,42,0.738,0.551,4,-8.599,1,0.0297,0.304,1.62e-5,0.0984,0.671,123.358,4,http://www.billboard.com/charts/hot-100/1989-07-15,7/15/1989,26,My Brave Face,Paul McCartney,1,25,25,8,rock,1989-07-15,1989,7,classic,8,25,1989,8,25,Paul McCartney,My Brave Face
MadnessMuse,Muse,Madness,"['modern rock', 'permanent wave', 'piano rock', 'post-grunge', 'rock']",0c4IEciLCDdXEhhKxj4ThA,https://p.scdn.co/mp3-preview/2bb1362f5a9c6264811e5904ee986b2edced38a3?cid=b8d3901151d34489a160e3cf0ab1fa94,The 2nd Law,FALSE,281040,72,0.502,0.417,10,-7.665,1,0.0718,0.127,0.00419,0.106,0.218,180.301,4,http://www.billboard.com/charts/hot-100/2013-02-02,2/2/2013,65,Madness,Muse,1,63,60,22,rock,2013-02-02,2013,2,permanent wave,22,60,2013,22,60,Muse,Madness
Hotel CaliforniaEagles,Eagles,Hotel California,"['album rock', 'classic rock', 'folk rock', 'heartland rock', 'mellow gold', 'rock', 'soft rock', 'yacht rock']",40riOy7x9W7GXjyGp4pjAv,https://p.scdn.co/mp3-preview/50e82c99c20ffa4223e82250605bbd8500cb3928?cid=b8d3901151d34489a160e3cf0ab1fa94,Hotel California (2013 Remaster),FALSE,391376,83,0.579,0.508,2,-9.484,1,0.027,0.00574,4.94e-4,0.0575,0.609,147.125,4,http://www.billboard.com/charts/hot-100/1977-04-30,4/30/1977,2,Hotel California,Eagles,1,3,2,10,rock,1977-04-30,1977,4,classic,10,2,1977,10,2,Eagles,Hotel California
Dirty White BoyForeigner,Foreigner,Dirty White Boy,"['album rock', 'classic rock', 'hard rock', 'mellow gold', 'rock', 'soft rock']",2xpvmhp8j0UL9mCEqB1U0L,https://p.scdn.co/mp3-preview/245a382269d760c82eebc506e30984089502941c?cid=b8d3901151d34489a160e3cf0ab1fa94,Head Games,FALSE,218866,49,0.446,0.894,6,-8.564,1,0.0465,0.00351,2.72e-5,0.835,0.451,135.946,4,http://www.billboard.com/charts/hot-100/1979-09-22,9/22/1979,35,Dirty White Boy,Foreigner,1,50,35,3,rock,1979-09-22,1979,9,hard,3,35,1979,3,35,Foreigner,Dirty White Boy
How Can We Be LoversMichael Bolton,Michael Bolton,How Can We Be Lovers,"['adult standards', 'soft rock']",0ZUjPkZKjzRi6bgIuJovfY,https://p.scdn.co/mp3-preview/31a0c238b6a07874fe8a120f1a1f54d01197200c?cid=b8d3901151d34489a160e3cf0ab1fa94,Soul Provider,FALSE,235626,56,0.399,0.708,0,-10.541,0,0.0387,0.118,0,0.179,0.688,207.424,4,http://www.billboard.com/charts/hot-100/1990-04-07,4/7/1990,15,How Can We Be Lovers,Michael Bolton,1,23,15,6,rock,1990-04-07,1990,4,soft rock,6,15,1990,6,15,Michael Bolton,How Can We Be Lovers
Precious And FewClimax,Climax,Precious And Few,"['blues rock', 'british blues', 'classic rock', 'country rock', 'soft rock']",7uuM0HwvCG20e5ttu6ugmP,https://p.scdn.co/mp3-preview/02a1a091b54128d408b25ca8bebe08d85e87d649?cid=b8d3901151d34489a160e3cf0ab1fa94,Precious & Few: The Complete Album,FALSE,164653,40,0.203,0.401,9,-12.341,1,0.0339,0.434,0,0.1,0.17,201.467,4,http://www.billboard.com/charts/hot-100/1972-02-12,2/12/1972,4,Precious And Few,Climax,1,8,4,7,rock,1972-02-12,1972,2,blues,7,4,1972,7,4,Climax,Precious And Few
Rock And Roll All Nite (live)KISS,KISS,Rock And Roll All Nite (live),"['album rock', 'classic rock', 'glam rock', 'hard rock', 'metal', 'rock']",4RQLeiolnEGtcFwHxjtF7H,NA,Alive!,FALSE,247600,37,0.426,0.989,8,-6.505,1,0.182,0.365,0.00243,0.897,0.236,141.541,4,http://www.billboard.com/charts/hot-100/1975-11-22,11/22/1975,44,Rock And Roll All Nite (live),KISS,1,56,44,2,rock,1975-11-22,1975,11,metal,2,44,1975,2,44,KISS,Rock And Roll All Nite (live)
It's Been AwhileStaind,Staind,It's Been Awhile,"['alternative metal', 'nu metal', 'post-grunge', 'rap rock', 'rock']",25CMmGsl22APKhfuj4Tp7j,https://p.scdn.co/mp3-preview/7c98137672d37068f9081aff2c5031d91dff772d?cid=b8d3901151d34489a160e3cf0ab1fa94,Break the Cycle,TRUE,264706,66,0.509,0.774,6,-4.054,1,0.0338,0.00189,5.49e-4,0.143,0.0824,116.529,4,http://www.billboard.com/charts/hot-100/2001-06-16,6/16/2001,37,It's Been Awhile,Staind,1,41,37,10,rock,2001-06-16,2001,6,metal,10,37,2001,10,37,Staind,It's Been Awhile
Find Your Way BackJefferson Starship,Jefferson Starship,Find Your Way Back,"['album rock', 'art rock', 'classic rock', 'country rock', 'folk rock', 'hard rock', 'mellow gold', 'rock', 'soft rock', 'symphonic rock']",1QlHzR2Nl7gJlb4n3OrtrV,https://p.scdn.co/mp3-preview/380fd6fe3211ebc6cd3d4db539a06d6689c4a689?cid=b8d3901151d34489a160e3cf0ab1fa94,Modern Times,FALSE,255466,47,0.579,0.923,0,-5.66,1,0.0387,0.384,0.0783,0.784,0.439,126.347,4,http://www.billboard.com/charts/hot-100/1981-06-20,6/20/1981,88,Find Your Way Back,Jefferson Starship,1,68,29,12,rock,1981-06-20,1981,6,hard,12,29,1981,12,29,Jefferson Starship,Find Your Way Back
Best Of YouFoo Fighters,Foo Fighters,Best Of You,"['alternative metal', 'alternative rock', 'modern rock', 'permanent wave', 'post-grunge', 'rock']",5FZxsHWIvUsmSK1IAvm2pp,https://p.scdn.co/mp3-preview/720ad0b60a24b6be93a8c6b42723b1e503affdb2?cid=b8d3901151d34489a160e3cf0ab1fa94,In Your Honor,FALSE,255626,76,0.366,0.94,1,-5.119,0,0.0696,7.69e-4,9.42e-5,0.188,0.369,130.198,4,http://www.billboard.com/charts/hot-100/2005-06-18,6/18/2005,46,Best Of You,Foo Fighters,1,56,35,6,rock,2005-06-18,2005,6,metal,6,35,2005,6,35,Foo Fighters,Best Of You
Watching The River FlowBob Dylan,Bob Dylan,Watching The River Flow,"['album rock', 'classic rock', 'folk', 'folk rock', 'mellow gold', 'rock', 'roots rock', 'singer-songwriter']",1U6hcON934PqSRdb56FdIc,https://p.scdn.co/mp3-preview/e0244f4e1861c4d258926d1f50dae980829bd459?cid=b8d3901151d34489a160e3cf0ab1fa94,Bob Dylan's Greatest Hits Volume II,FALSE,213893,21,0.696,0.611,5,-8.055,1,0.053,0.664,1.53e-5,0.474,0.769,112.837,4,http://www.billboard.com/charts/hot-100/1971-08-07,8/7/1971,41,Watching The River Flow,Bob Dylan,1,42,41,7,rock,1971-08-07,1971,8,classic,7,41,1971,7,41,Bob Dylan,Watching The River Flow
Leave A Tender Moment AloneBilly Joel,Billy Joel,Leave A Tender Moment Alone,"['album rock', 'classic rock', 'folk rock', 'mellow gold', 'piano rock', 'rock', 'singer-songwriter', 'soft rock']",4Qw41GUmS4rF7GR3am9Rt6,https://p.scdn.co/mp3-preview/c0663288bd268b48fec2b48f24cfd3136c3c0f89?cid=b8d3901151d34489a160e3cf0ab1fa94,An Innocent Man,FALSE,236706,48,0.628,0.548,10,-7.507,1,0.0423,0.229,0,0.555,0.564,109.92,4,http://www.billboard.com/charts/hot-100/1984-09-15,9/15/1984,38,Leave A Tender Moment Alone,Billy Joel,1,28,27,11,rock,1984-09-15,1984,9,classic,11,27,1984,11,27,Billy Joel,Leave A Tender Moment Alone
Feels Like The First TimeForeigner,Foreigner,Feels Like The First Time,"['album rock', 'classic rock', 'hard rock', 'mellow gold', 'rock', 'soft rock']",36xEjbl8DtevPJgw6i9IuY,https://p.scdn.co/mp3-preview/6af30616fb1cf487fa587b81ae4dcc7cc8c639cc?cid=b8d3901151d34489a160e3cf0ab1fa94,No End in Sight: The Very Best of Foreigner (Expanded),FALSE,232333,53,0.499,0.802,7,-4.537,1,0.0547,0.0136,1.56e-6,0.128,0.504,107.705,4,http://www.billboard.com/charts/hot-100/1977-05-28,5/28/1977,10,Feels Like The First Time,Foreigner,1,14,10,10,rock,1977-05-28,1977,5,hard,10,10,1977,10,10,Foreigner,Feels Like The First Time
JadedAerosmith,Aerosmith,Jaded,"['album rock', 'classic rock', 'hard rock', 'rock']",4iihDHIoKZdOeOW1kFDUtR,https://p.scdn.co/mp3-preview/25bc1d1616d9538b0fa3e58040cb8d4d03921ee9?cid=b8d3901151d34489a160e3cf0ab1fa94,Just Push Play,FALSE,214333,61,0.517,0.89,9,-4.033,1,0.053900000000000003,0.005,1.47e-5,0.0824,0.632,118.009,4,http://www.billboard.com/charts/hot-100/2001-03-10,3/10/2001,18,Jaded,Aerosmith,1,18,18,7,rock,2001-03-10,2001,3,hard,7,18,2001,7,18,Aerosmith,Jaded
PoisonAlice Cooper,Alice Cooper,Poison,"['album rock', 'blues rock', 'classic rock', 'comic', 'glam metal', 'glam rock', 'hard rock', 'metal', 'protopunk', 'rock']",5XcZRgJv3zMhTqCyESjQrF,https://p.scdn.co/mp3-preview/9974e5f534cce09666a7013c639edc451f1652e8?cid=b8d3901151d34489a160e3cf0ab1fa94,Trash,FALSE,270080,71,0.28,0.908,2,-5.509,0,0.109,0.0327,8.85e-6,0.18,0.26,118.698,4,http://www.billboard.com/charts/hot-100/1989-12-09,12/9/1989,16,Poison,Alice Cooper,1,10,7,12,rock,1989-12-09,1989,12,blues,12,7,1989,12,7,Alice Cooper,Poison
It's A Great Day To Be AliveTravis Tritt,Travis Tritt,It's A Great Day To Be Alive,"['contemporary country', 'country', 'country road', 'country rock', 'outlaw country']",3oW6SWwGqiZSPTiAp7ZQoH,https://p.scdn.co/mp3-preview/67e1eedcad1f20a589a04a0490d9b663184df0aa?cid=b8d3901151d34489a160e3cf0ab1fa94,Down The Road I Go,FALSE,241533,69,0.595,0.653,7,-4.935,1,0.0265,0.246,0,0.264,0.542,128.93,4,http://www.billboard.com/charts/hot-100/2001-06-02,6/2/2001,39,It's A Great Day To Be Alive,Travis Tritt,1,37,33,14,rock,2001-06-02,2001,6,country rock,14,33,2001,14,33,Travis Tritt,It's A Great Day To Be Alive
Theme From The Wild AngelsDavie Allan And The Arrows,Davie Allan And The Arrows,Theme From The Wild Angels,"['classic garage rock', 'surf music']",12hAeEyERydkkb1Wow1xdA,https://p.scdn.co/mp3-preview/7a2853b058a4d211010b4a4be22d0ec15e4dabe7?cid=b8d3901151d34489a160e3cf0ab1fa94,Wild Angels And Other Themes,FALSE,130946,24,0.176,0.593,9,-12.915,1,0.0363,0.289,0.905,0.0842,0.778,177.006,4,http://www.billboard.com/charts/hot-100/1966-11-19,11/19/1966,99,Theme From The Wild Angels,Davie Allan And The Arrows,1,100,99,2,rock,1966-11-19,1966,11,classic,2,99,1966,2,99,Davie Allan And The Arrows,Theme From The Wild Angels
SlitherVelvet Revolver,Velvet Revolver,Slither,"['alternative metal', 'alternative rock', 'grunge', 'hard rock', 'nu metal', 'post-grunge', 'rock']",7kF1iPJTj3VFJX9XokQ80F,https://p.scdn.co/mp3-preview/beb04aa9d09bf50f17390d9b224501f48bb15a1a?cid=b8d3901151d34489a160e3cf0ab1fa94,Contraband,FALSE,248306,64,0.478,0.974,7,-3.866,1,0.102,2.66e-4,0.0984,0.0738,0.268,141.077,4,http://www.billboard.com/charts/hot-100/2004-05-15,5/15/2004,64,Slither,Velvet Revolver,1,NA,64,1,rock,2004-05-15,2004,5,metal,1,64,2004,1,64,Velvet Revolver,Slither
By The WayRed Hot Chili Peppers,Red Hot Chili Peppers,By The Way,"['alternative rock', 'funk metal', 'funk rock', 'permanent wave', 'post-grunge', 'rock']",1f2V8U1BiWaC9aJWmpOARe,https://p.scdn.co/mp3-preview/1b6ca5843bd21973cbb2c2410616dd10564e91da?cid=b8d3901151d34489a160e3cf0ab1fa94,By the Way (Deluxe Edition),FALSE,216933,75,0.451,0.97,0,-4.938,1,0.107,0.0264,0.00355,0.102,0.198,122.444,4,http://www.billboard.com/charts/hot-100/2002-10-05,10/5/2002,52,By The Way,Red Hot Chili Peppers,1,47,34,17,rock,2002-10-05,2002,10,metal,17,34,2002,17,34,Red Hot Chili Peppers,By The Way
As She's Walking AwayZac Brown Band Featuring Alan Jackson,Zac Brown Band Featuring Alan Jackson,As She's Walking Away,"['contemporary country', 'country', 'country road', 'modern country rock']",5qYiVdWxd84wRWGIQ9Hts6,https://p.scdn.co/mp3-preview/55bffc0a84834a11977f096a1366d3eac911ecb8?cid=b8d3901151d34489a160e3cf0ab1fa94,You Get What You Give (Deluxe),FALSE,223826,57,0.553,0.619,3,-7.101,1,0.0308,0.474,0,0.123,0.374,183.91,4,http://www.billboard.com/charts/hot-100/2010-12-11,12/11/2010,36,As She's Walking Away,Zac Brown Band Featuring Alan Jackson,1,34,32,16,rock,2010-12-11,2010,12,country rock,16,32,2010,16,32,Zac Brown Band Featuring Alan Jackson,As She's Walking Away
Head Over BootsJon Pardi,Jon Pardi,Head Over Boots,"['contemporary country', 'country', 'country road', 'modern country rock']",4ly1QBXEwYoDmje9rmEgC4,NA,California Sunrise,FALSE,202346,73,0.557,0.676,7,-4.457,1,0.027,0.0661,0,0.0871,0.678,108.016,4,http://www.billboard.com/charts/hot-100/2016-07-09,7/9/2016,54,Head Over Boots,Jon Pardi,1,59,54,17,rock,2016-07-09,2016,7,country rock,17,54,2016,17,54,Jon Pardi,Head Over Boots
Dog Eat DogTed Nugent,Ted Nugent,Dog Eat Dog,"['album rock', 'blues rock', 'classic rock', 'glam metal', 'hard rock', 'metal', 'rock', 'southern rock']",68ZeNG3zFACLGyj3LaLKzO,https://p.scdn.co/mp3-preview/a409ea8fbf1e4b20ad21c721d9bb0dca7e850090?cid=b8d3901151d34489a160e3cf0ab1fa94,Free-For-All,FALSE,243706,35,0.538,0.899,9,-6.479,0,0.0457,0.00661,0.0049,0.13,0.702,135.637,4,http://www.billboard.com/charts/hot-100/1976-12-04,12/4/1976,91,Dog Eat Dog,Ted Nugent,1,91,91,2,rock,1976-12-04,1976,12,blues,2,91,1976,2,91,Ted Nugent,Dog Eat Dog
I Am The WalrusThe Beatles,The Beatles,I Am The Walrus,"['british invasion', 'merseybeat', 'psychedelic rock', 'rock']",6Pq9MmkDQYZiiCDpxnvrf6,NA,Magical Mystery Tour (Remastered),FALSE,275866,66,0.401,0.556,2,-10.532,1,0.0513,0.0828,3.59e-4,0.589,0.654,85.206,4,http://www.billboard.com/charts/hot-100/1967-12-16,12/16/1967,57,I Am The Walrus,The Beatles,1,64,57,2,rock,1967-12-16,1967,12,british,2,57,1967,2,57,The Beatles,I Am The Walrus
A Man I'll Never BeBoston,Boston,A Man I'll Never Be,"['album rock', 'art rock', 'classic rock', 'hard rock', 'mellow gold', 'rock', 'soft rock']",0bjKbwEvZfU5epyZ3aZm1y,https://p.scdn.co/mp3-preview/57ef655638e539fcfbc1f387d418f75790a9838e?cid=b8d3901151d34489a160e3cf0ab1fa94,Don't Look Back,FALSE,396173,45,0.418,0.587,0,-9.607,1,0.0272,0.0559,6.82e-6,0.0548,0.486,106.665,4,http://www.billboard.com/charts/hot-100/1979-01-06,1/6/1979,33,A Man I'll Never Be,Boston,1,37,33,8,rock,1979-01-06,1979,1,hard,8,33,1979,8,33,Boston,A Man I'll Never Be
Chain Gang MedleyJim Croce,Jim Croce,Chain Gang Medley,"['album rock', 'classic rock', 'folk', 'folk rock', 'mellow gold', 'rock', 'roots rock', 'singer-songwriter', 'soft rock']",NA,NA,NA,NA,NA,NA,NA,NA,NA,NA,NA,NA,NA,NA,NA,NA,NA,NA,http://www.billboard.com/charts/hot-100/1976-02-28,2/28/1976,97,Chain Gang Medley,Jim Croce,1,65,63,9,rock,1976-02-28,1976,2,classic,9,63,1976,9,63,Jim Croce,Chain Gang Medley
Break It UpForeigner,Foreigner,Break It Up,"['album rock', 'classic rock', 'hard rock', 'mellow gold', 'rock', 'soft rock']",3i2Ddy4a0rNnGQY60pZdYp,https://p.scdn.co/mp3-preview/d0a0f02dd41c6d9152d57a724a0b6c261f27304d?cid=b8d3901151d34489a160e3cf0ab1fa94,4 (Expanded),FALSE,253640,42,0.625,0.753,3,-4.745,0,0.0291,0.168,0,0.474,0.639,122.979,4,http://www.billboard.com/charts/hot-100/1982-07-17,7/17/1982,50,Break It Up,Foreigner,1,31,26,10,rock,1982-07-17,1982,7,hard,10,26,1982,10,26,Foreigner,Break It Up
Magic Carpet RideSteppenwolf,Steppenwolf,Magic Carpet Ride,"['album rock', 'blues rock', 'classic canadian rock', 'classic rock', 'country rock', 'folk rock', 'hard rock', 'mellow gold', 'psychedelic rock', 'rock', 'roots rock']",4c4jJJoaiY21t2TyRZgdWS,NA,The Second,FALSE,271573,71,0.64,0.651,4,-14.981,0,0.0517,0.142,0.28,0.0341,0.801,111.676,4,http://www.billboard.com/charts/hot-100/1968-11-16,11/16/1968,4,Magic Carpet Ride,Steppenwolf,1,7,4,7,rock,1968-11-16,1968,11,blues,7,4,1968,7,4,Steppenwolf,Magic Carpet Ride
Kiss From A RoseSeal,Seal,Kiss From A Rose,"['british soul', 'soft rock']",3YKptz29AsOlm7WAVnztBh,https://p.scdn.co/mp3-preview/829c43d9ebc35befea511e6009adf5a115eba387?cid=b8d3901151d34489a160e3cf0ab1fa94,Sea,FALSE,288426,73,0.583,0.532,10,-7.11,0,0.0309,0.684,0,0.306,0.223,131.741,3,http://www.billboard.com/charts/hot-100/1995-12-16,12/16/1995,23,Kiss From A Rose,Seal,1,18,1,26,rock,1995-12-16,1995,12,british,26,1,1995,26,1,Seal,Kiss From A Rose
Everything About YouUgly Kid Joe,Ugly Kid Joe,Everything About You,"['funk metal', 'funk rock', 'glam metal', 'hard rock', 'post-grunge', 'rock']",1O2ACd0zg4GYgQRhLBGYDV,NA,As Ugly As It Gets: The Very Best Of,TRUE,255160,47,0.494,0.817,1,-8.409,1,0.0516,0.00878,2.26e-6,0.0958,0.755,122.671,4,http://www.billboard.com/charts/hot-100/1992-04-11,4/11/1992,60,Everything About You,Ugly Kid Joe,1,69,60,2,rock,1992-04-11,1992,4,metal,2,60,1992,2,60,Ugly Kid Joe,Everything About You
Fool For Your LovingWhitesnake,Whitesnake,Fool For Your Loving,"['album rock', 'british blues', 'classic rock', 'glam metal', 'hard rock', 'metal', 'rock']",0BdTZNyYnSIDmkqjxSB0ef,https://p.scdn.co/mp3-preview/a91b8c489efafc97e1387236a5e1d0e22eeb588d?cid=b8d3901151d34489a160e3cf0ab1fa94,Slip Of The Tongue (20th Anniversary Remaster),FALSE,248546,38,0.503,0.943,9,-4.951,0,0.0403,0.00171,4.1e-5,0.253,0.536,125.861,4,http://www.billboard.com/charts/hot-100/1989-11-25,11/25/1989,47,Fool For Your Loving,Whitesnake,2,58,47,12,rock,1989-11-25,1989,11,blues,12,47,1989,12,47,Whitesnake,Fool For Your Loving
Fire LakeBob Seger,Bob Seger,Fire Lake,"['album rock', 'classic rock', 'folk rock', 'hard rock', 'heartland rock', 'mellow gold', 'rock', 'soft rock']",2fZw0ya0oI4pXsjkB0NBHs,NA,Against The Wind,FALSE,212986,51,0.613,0.695,9,-5.783,1,0.0253,0.23,0.00191,0.187,0.45,122.47,4,http://www.billboard.com/charts/hot-100/1980-03-08,3/8/1980,32,Fire Lake,Bob Seger,1,40,32,3,rock,1980-03-08,1980,3,hard,3,32,1980,3,32,Bob Seger,Fire Lake
California GirlsDavid Lee Roth,David Lee Roth,California Girls,"['album rock', 'classic rock', 'glam metal', 'hard rock', 'metal', 'neo classical metal', 'rock']",4H3vuLX59XPqdtTpIesGyS,https://p.scdn.co/mp3-preview/69af90f5a40449e7acae8c509147bcd76f14e917?cid=b8d3901151d34489a160e3cf0ab1fa94,Crazy From The Heat,FALSE,171826,47,0.582,0.748,4,-5.93,1,0.0521,0.432,0,0.0707,0.433,115.13,4,http://www.billboard.com/charts/hot-100/1985-03-23,3/23/1985,11,California Girls,David Lee Roth,1,4,3,10,rock,1985-03-23,1985,3,metal,10,3,1985,10,3,David Lee Roth,California Girls
I Just Wanna StopGino Vannelli,Gino Vannelli,I Just Wanna Stop,"['classic canadian rock', 'mellow gold', 'soft rock', 'yacht rock']",5ljGmNLjvQZm2hw8cDJXNJ,NA,Brother To Brother,FALSE,218306,51,0.579,0.55,9,-13.398,1,0.0337,0.199,0.00392,0.137,0.631,139.322,4,http://www.billboard.com/charts/hot-100/1978-11-25,11/25/1978,7,I Just Wanna Stop,Gino Vannelli,1,8,7,12,rock,1978-11-25,1978,11,classic,12,7,1978,12,7,Gino Vannelli,I Just Wanna Stop
Love At First SightStyx,Styx,Love At First Sight,"['album rock', 'art rock', 'classic rock', 'folk rock', 'hard rock', 'mellow gold', 'progressive rock', 'rock', 'soft rock', 'symphonic rock']",1kwvV2LoPN0S7d66WeyTdY,NA,Edge Of The Century,FALSE,276440,22,0.624,0.6,10,-8.646,1,0.0307,0.314,0,0.089,0.576,115.849,4,http://www.billboard.com/charts/hot-100/1991-06-01,6/1/1991,32,Love At First Sight,Styx,1,36,32,9,rock,1991-06-01,1991,6,hard,9,32,1991,9,32,Styx,Love At First Sight
Family ManFleetwood Mac,Fleetwood Mac,Family Man,"['album rock', 'classic rock', 'mellow gold', 'rock', 'soft rock', 'yacht rock']",56yLJIyy1EfAyujm5HSxJR,https://p.scdn.co/mp3-preview/d67b8f2f9fe0e494f4541c328408f8f1c90e1743?cid=b8d3901151d34489a160e3cf0ab1fa94,Tango In the Night (Deluxe Edition),FALSE,247133,49,0.778,0.669,7,-9.735,1,0.0367,0.0354,0.0132,0.0973,0.834,123.543,4,http://www.billboard.com/charts/hot-100/1988-04-23,4/23/1988,99,Family Man,Fleetwood Mac,1,93,90,4,rock,1988-04-23,1988,4,classic,4,90,1988,4,90,Fleetwood Mac,Family Man
Paying The Cost To Be The BossB.B. King,B.B. King,Paying The Cost To Be The Boss,"['blues', 'blues rock', 'classic rock', 'electric blues', 'jazz blues', 'soul blues', 'traditional blues']",1HK0gVdcEwTUaJzCTNhjA3,NA,Deuces Wild,FALSE,213560,45,0.665,0.844,5,-6.633,0,0.0675,0.0194,1.62e-4,0.0708,0.773,117.976,4,http://www.billboard.com/charts/hot-100/1968-05-11,5/11/1968,52,Paying The Cost To Be The Boss,B.B. King,1,54,52,4,rock,1968-05-11,1968,5,blues,4,52,1968,4,52,B.B. King,Paying The Cost To Be The Boss
Guns For HireAC/DC,AC/DC,Guns For Hire,"['album rock', 'australian rock', 'hard rock', 'rock']",01sno3m5rqaFy2YVE1A7LZ,https://p.scdn.co/mp3-preview/0a191bfb451fe523a6fd2befb059890a07de04f1?cid=b8d3901151d34489a160e3cf0ab1fa94,Iron Man 2,FALSE,204680,45,0.488,0.905,9,-3.789,1,0.0485,0.00351,0.373,0.0685,0.805,128.472,4,http://www.billboard.com/charts/hot-100/1983-10-22,10/22/1983,84,Guns For Hire,AC/DC,1,85,84,4,rock,1983-10-22,1983,10,hard,4,84,1983,4,84,AC/DC,Guns For Hire
Your Mama Don't DancePoison,Poison,Your Mama Don't Dance,"['album rock', 'glam metal', 'hard rock', 'rock']",0FO5CkdIFiKOJNETXTyCMS,NA,Open Up And Say...Ahh! (20th Anniversary Edition),FALSE,180493,50,0.534,0.931,1,-3.606,1,0.0613,0.0185,0,0.193,0.832,150.359,4,http://www.billboard.com/charts/hot-100/1989-03-04,3/4/1989,37,Your Mama Don't Dance,Poison,1,46,37,3,rock,1989-03-04,1989,3,metal,3,37,1989,3,37,Poison,Your Mama Don't Dance
Best Of YouFoo Fighters,Foo Fighters,Best Of You,"['alternative metal', 'alternative rock', 'modern rock', 'permanent wave', 'post-grunge', 'rock']",5FZxsHWIvUsmSK1IAvm2pp,https://p.scdn.co/mp3-preview/720ad0b60a24b6be93a8c6b42723b1e503affdb2?cid=b8d3901151d34489a160e3cf0ab1fa94,In Your Honor,FALSE,255626,76,0.366,0.94,1,-5.119,0,0.0696,7.69e-4,9.42e-5,0.188,0.369,130.198,4,http://www.billboard.com/charts/hot-100/2005-07-09,7/9/2005,18,Best Of You,Foo Fighters,1,18,18,9,rock,2005-07-09,2005,7,metal,9,18,2005,9,18,Foo Fighters,Best Of You
All Summer LongKid Rock,Kid Rock,All Summer Long,"['alternative metal', 'nu metal', 'post-grunge', 'rock']",5rX6C5QVvvZB7XckETNych,https://p.scdn.co/mp3-preview/7e95d66128d1e1b1b26bf6b97192b59edfa88a08?cid=b8d3901151d34489a160e3cf0ab1fa94,Rock N Roll Jesus,FALSE,297586,73,0.7,0.864,7,-3.629,1,0.0283,0.0212,0,0.0956,0.887,102.997,4,http://www.billboard.com/charts/hot-100/2008-08-30,8/30/2008,25,All Summer Long,Kid Rock,1,28,25,7,rock,2008-08-30,2008,8,metal,7,25,2008,7,25,Kid Rock,All Summer Long
Stuck Like GlueSugarland,Sugarland,Stuck Like Glue,"['contemporary country', 'country', 'country dawn', 'country road', 'modern country rock']",0JcKdUGNR7zI4jJDLyYXbi,NA,The Incredible Machine,FALSE,247586,64,0.702,0.795,1,-4.764,1,0.0568,0.329,0,0.0505,0.836,83.961,4,http://www.billboard.com/charts/hot-100/2010-12-11,12/11/2010,30,Stuck Like Glue,Sugarland,1,26,17,18,rock,2010-12-11,2010,12,country rock,18,17,2010,18,17,Sugarland,Stuck Like Glue
PhotographNickelback,Nickelback,Photograph,"['alternative metal', 'canadian rock', 'nu metal', 'post-grunge']",3hb2ScEVkGchcAQqrPLP0R,https://p.scdn.co/mp3-preview/2926d141d7e00df9268b08e33400dc9a509bdfbf?cid=b8d3901151d34489a160e3cf0ab1fa94,All the Right Reasons,FALSE,258920,68,0.513,0.877,8,-3.756,1,0.0292,9.32e-4,1.63e-4,0.136,0.389,145.919,4,http://www.billboard.com/charts/hot-100/2006-04-01,4/1/2006,40,Photograph,Nickelback,1,35,2,30,rock,2006-04-01,2006,4,metal,30,2,2006,30,2,Nickelback,Photograph
That's How Country Boys RollBilly Currington,Billy Currington,That's How Country Boys Roll,"['contemporary country', 'country', 'country road', 'modern country rock']",7KnMHRj5xqsOGLv8lGCPa6,NA,Little Bit Of Everything,FALSE,224266,47,0.674,0.916,2,-2.945,1,0.0332,0.0735,0,0.108,0.916,120.974,4,http://www.billboard.com/charts/hot-100/2010-03-27,3/27/2010,61,That's How Country Boys Roll,Billy Currington,2,57,57,15,rock,2010-03-27,2010,3,country rock,15,57,2010,15,57,Billy Currington,That's How Country Boys Roll
Send The Pain BelowChevelle,Chevelle,Send The Pain Below,"['alternative metal', 'christian rock', 'industrial metal', 'nu metal', 'post-grunge', 'rap rock', 'rock']",6dRAAG4sB71NAtVCHJep7s,https://p.scdn.co/mp3-preview/821280dfe249ac354552dc1491eac380c2c11369?cid=b8d3901151d34489a160e3cf0ab1fa94,Wonder What's Next (Expanded Edition),FALSE,252360,65,0.468,0.851,11,-3.617,1,0.0398,2.81e-4,0.00483,0.0644,0.293,92.079,4,http://www.billboard.com/charts/hot-100/2003-05-24,5/24/2003,72,Send The Pain Below,Chevelle,1,76,72,3,rock,2003-05-24,2003,5,metal,3,72,2003,3,72,Chevelle,Send The Pain Below
DoravilleAtlanta Rhythm Section,Atlanta Rhythm Section,Doraville,"['album rock', 'art rock', 'blues rock', 'classic rock', 'country rock', 'folk rock', 'hard rock', 'heartland rock', 'mellow gold', 'rock', 'soft rock', 'southern rock', 'yacht rock']",7bzo4nqa4nDzwpnkDcigbt,https://p.scdn.co/mp3-preview/07c88e9ed1c7e512af4f1f40e6e7a394f5e0fb66?cid=b8d3901151d34489a160e3cf0ab1fa94,The Very Best of Atlanta Rhythm Section,FALSE,217129,19,0.438,0.803,2,-6.024,1,0.0363,0.00173,6.34e-5,0.141,0.5,155.008,4,http://www.billboard.com/charts/hot-100/1974-11-16,11/16/1974,35,Doraville,Atlanta Rhythm Section,1,35,35,7,rock,1974-11-16,1974,11,blues,7,35,1974,7,35,Atlanta Rhythm Section,Doraville
Ya YaLee Dorsey,Lee Dorsey,Ya Ya,"['classic soul', 'funk', 'motown', 'new orleans funk', 'rhythm and blues', 'rock-and-roll', 'soul']",2pMwweGkjNLXZkSDZ63LYf,https://p.scdn.co/mp3-preview/d4de8444eca4790c07b3ca94cac7c7d07bb81b72?cid=b8d3901151d34489a160e3cf0ab1fa94,The Essential Lee Dorsey,FALSE,146053,43,0.758,0.557,5,-10.106,1,0.0453,0.607,2.18e-4,0.193,0.887,140.795,4,http://www.billboard.com/charts/hot-100/1961-11-18,11/18/1961,25,Ya Ya,Lee Dorsey,1,18,7,11,rock,1961-11-18,1961,11,blues,11,7,1961,11,7,Lee Dorsey,Ya Ya
Is This LoveWhitesnake,Whitesnake,Is This Love,"['album rock', 'british blues', 'classic rock', 'glam metal', 'hard rock', 'metal', 'rock']",0IhUdJRoolbYeEMPL59XPm,https://p.scdn.co/mp3-preview/6cb4b42a5f148a534e863c9ca738c7bb0b6db617?cid=b8d3901151d34489a160e3cf0ab1fa94,Whitesnake (2018 Remaster),FALSE,284496,59,0.263,0.759,0,-7.288,1,0.0431,0.0555,0,0.231,0.429,179.904,4,http://www.billboard.com/charts/hot-100/1988-02-06,2/6/1988,42,Is This Love,Whitesnake,1,31,2,16,rock,1988-02-06,1988,2,blues,16,2,1988,16,2,Whitesnake,Is This Love
Slow Dancin'Peabo Bryson,Peabo Bryson,Slow Dancin',"['adult standards', 'new jack swing', 'quiet storm', 'soft rock', 'urban contemporary']",2H9TfClxyfLErQRrQ1OUm8,https://p.scdn.co/mp3-preview/31226d1e222b2a9f47b7e3e10ae3514d6f5addbe?cid=b8d3901151d34489a160e3cf0ab1fa94,Straight From The Heart,FALSE,234693,11,0.606,0.645,1,-11.953,0,0.0711,0.517,2.84e-6,0.0669,0.814,157.928,4,http://www.billboard.com/charts/hot-100/1984-10-13,10/13/1984,82,Slow Dancin',Peabo Bryson,1,82,82,3,rock,1984-10-13,1984,10,soft rock,3,82,1984,3,82,Peabo Bryson,Slow Dancin'
Say You DoDierks Bentley,Dierks Bentley,Say You Do,"['contemporary country', 'country', 'country road', 'modern country rock']",2sE61ZmvYH8wiOx5jygkHH,NA,RISER,FALSE,219360,55,0.477,0.737,3,-8.166,1,0.0345,0.122,0.00167,0.105,0.468,147.959,4,http://www.billboard.com/charts/hot-100/2015-01-31,1/31/2015,96,Say You Do,Dierks Bentley,1,NA,96,1,rock,2015-01-31,2015,1,country rock,1,96,2015,1,96,Dierks Bentley,Say You Do
Guerrilla RadioRage Against The Machine,Rage Against The Machine,Guerrilla Radio,"['alternative metal', 'alternative rock', 'conscious hip hop', 'funk metal', 'nu metal', 'post-grunge', 'rap metal', 'rap rock', 'rock']",1wsRitfRRtWyEapl0q22o8,https://p.scdn.co/mp3-preview/47af10b767feae2666501d56ea4dcce187f9aa7b?cid=b8d3901151d34489a160e3cf0ab1fa94,The Battle Of Los Angeles,TRUE,206200,71,0.599,0.957,11,-5.764,1,0.188,0.0129,7.06e-5,0.155,0.489,103.68,4,http://www.billboard.com/charts/hot-100/1999-11-20,11/20/1999,84,Guerrilla Radio,Rage Against The Machine,1,78,69,4,rock,1999-11-20,1999,11,metal,4,69,1999,4,69,Rage Against The Machine,Guerrilla Radio
Iron ManBlack Sabbath,Black Sabbath,Iron Man,"['album rock', 'birmingham metal', 'classic rock', 'hard rock', 'metal', 'rock', 'stoner rock', 'uk doom metal']",3IOQZRcEkplCXg6LofKqE9,https://p.scdn.co/mp3-preview/83facf894aaa71be09e596b7e727609fc9bd4eb7?cid=b8d3901151d34489a160e3cf0ab1fa94,Paranoid (2014 Remaster),FALSE,355303,67,0.336,0.792,9,-10.875,1,0.0848,0.00349,0.00178,0.0437,0.425,155.588,4,http://www.billboard.com/charts/hot-100/1972-03-11,3/11/1972,52,Iron Man,Black Sabbath,1,57,52,7,rock,1972-03-11,1972,3,metal,7,52,1972,7,52,Black Sabbath,Iron Man
Eminence FrontThe Who,The Who,Eminence Front,"['album rock', 'art rock', 'british invasion', 'classic rock', 'folk rock', 'hard rock', 'mellow gold', 'protopunk', 'rock', 'roots rock']",0LN5gIsS5tQSmRzQrHSaTR,NA,It's Hard,FALSE,339106,58,0.705,0.774,5,-9.659,0,0.0298,0.236,0.513,0.0375,0.564,98.141,4,http://www.billboard.com/charts/hot-100/1983-01-01,1/1/1983,80,Eminence Front,The Who,1,80,80,2,rock,1983-01-01,1983,1,british,2,80,1983,2,80,The Who,Eminence Front
Modern LoveDavid Bowie,David Bowie,Modern Love,"['album rock', 'art rock', 'classic rock', 'dance rock', 'glam rock', 'permanent wave', 'protopunk', 'rock']",3gxEZXUjrNbl3TlSrTGbR5,https://p.scdn.co/mp3-preview/4ed645d4c2a804d8c43e811a0bace45e14baf8df?cid=b8d3901151d34489a160e3cf0ab1fa94,Let's Dance (2018 Remaster),FALSE,288339,69,0.358,0.938,0,-5.577,1,0.0483,0.00375,9.2e-6,0.117,0.944,182.836,4,http://www.billboard.com/charts/hot-100/1983-11-12,11/12/1983,14,Modern Love,David Bowie,1,15,14,9,rock,1983-11-12,1983,11,classic,9,14,1983,9,14,David Bowie,Modern Love
I Can't Make You Love MeBonnie Raitt,Bonnie Raitt,I Can't Make You Love Me,"['country rock', 'electric blues', 'folk', 'folk rock', 'lilith', 'mellow gold', 'rock', 'roots rock', 'singer-songwriter', 'soft rock']",69uJi5QsBtqlYkGURTBli8,NA,Luck Of The Draw,FALSE,332960,67,0.588,0.149,7,-16.728,0,0.0319,0.846,9.65e-5,0.236,0.113,124.689,4,http://www.billboard.com/charts/hot-100/1991-12-07,12/7/1991,68,I Can't Make You Love Me,Bonnie Raitt,1,79,68,3,rock,1991-12-07,1991,12,blues,3,68,1991,3,68,Bonnie Raitt,I Can't Make You Love Me
An Innocent ManBilly Joel,Billy Joel,An Innocent Man,"['album rock', 'classic rock', 'folk rock', 'mellow gold', 'piano rock', 'rock', 'singer-songwriter', 'soft rock']",1Gg14U26oq94uWcG7khccX,https://p.scdn.co/mp3-preview/8a0ce4f8d920185c6a3a3f38a5eb0a1db77c2433?cid=b8d3901151d34489a160e3cf0ab1fa94,An Innocent Man,FALSE,318000,53,0.509,0.382,0,-9.441,1,0.0351,0.0466,0,0.112,0.427,105.764,4,http://www.billboard.com/charts/hot-100/1984-03-17,3/17/1984,33,An Innocent Man,Billy Joel,1,18,10,14,rock,1984-03-17,1984,3,classic,14,10,1984,14,10,Billy Joel,An Innocent Man
ParalyzerFinger Eleven,Finger Eleven,Paralyzer,"['alternative metal', 'canadian rock', 'funk metal', 'nu metal', 'post-grunge', 'rap rock', 'wrestling']",28IEbk5a7twNTbUEvWslUb,NA,Them Vs. You Vs. Me (Deluxe Edition),FALSE,208106,70,0.645,0.941,4,-3.425,0,0.0448,0.169,0,0.251,0.881,106.015,4,http://www.billboard.com/charts/hot-100/2008-01-26,1/26/2008,7,Paralyzer,Finger Eleven,1,7,6,32,rock,2008-01-26,2008,1,metal,32,6,2008,32,6,Finger Eleven,Paralyzer
Wild Wild LifeTalking Heads,Talking Heads,Wild Wild Life,"['art rock', 'dance rock', 'funk rock', 'new wave', 'permanent wave', 'post-punk', 'rock', 'zolo']",7rFeZg0gEp7qtyuLnjIYQU,https://p.scdn.co/mp3-preview/9e7fc2d5038a1a8c41d66d3099b2d0c8b1d09dcf?cid=b8d3901151d34489a160e3cf0ab1fa94,The Best of Talking Heads,FALSE,219773,49,0.647,0.889,9,-4.869,1,0.0302,0.0186,0,0.375,0.952,137.41,4,http://www.billboard.com/charts/hot-100/1986-11-29,11/29/1986,26,Wild Wild Life,Talking Heads,1,28,26,13,rock,1986-11-29,1986,11,permanent wave,13,26,1986,13,26,Talking Heads,Wild Wild Life
"More Than This10,000 Maniacs","10,000 Maniacs",More Than This,"['alternative metal', 'christian rock', 'nu metal', 'post-grunge', 'rap rock']",NA,NA,NA,NA,NA,NA,NA,NA,NA,NA,NA,NA,NA,NA,NA,NA,NA,NA,http://www.billboard.com/charts/hot-100/1997-09-06,9/6/1997,30,More Than This,"10,000 Maniacs",1,25,25,9,rock,1997-09-06,1997,9,metal,9,25,1997,9,25,"10,000 Maniacs",More Than This
Strung OutSteve Perry,Steve Perry,Strung Out,"['album rock', 'mellow gold', 'soft rock', 'yacht rock']",1bRaNLthp6QGqhErqzXBWf,https://p.scdn.co/mp3-preview/066de512fc1415d5a5e8bf2d960944bd901f44c6?cid=b8d3901151d34489a160e3cf0ab1fa94,Street Talk (Expanded Edition),FALSE,225226,39,0.492,0.886,4,-3.189,1,0.0652,0.0384,1.85e-5,0.177,0.623,135.777,4,http://www.billboard.com/charts/hot-100/1984-09-29,9/29/1984,50,Strung Out,Steve Perry,1,57,50,4,rock,1984-09-29,1984,9,soft rock,4,50,1984,4,50,Steve Perry,Strung Out
With or Without YouU2,U2,With or Without You,"['irish rock', 'permanent wave', 'rock']",6ADSaE87h8Y3lccZlBJdXH,NA,The Joshua Tree (Super Deluxe),FALSE,295515,81,0.543,0.432,2,-11.832,1,0.0288,2.07e-4,0.369,0.146,0.107,110.196,4,http://www.billboard.com/charts/hot-100/1987-05-23,5/23/1987,1,With or Without You,U2,1,1,1,10,rock,1987-05-23,1987,5,permanent wave,10,1,1987,10,1,U2,With or Without You
The Very Thought Of YouLittle Willie John,Little Willie John,The Very Thought Of You,"['rhythm and blues', 'rock-and-roll', 'soul', 'southern soul']",0qBFeHjlC4yBTQVPCI2gg3,https://p.scdn.co/mp3-preview/8898fc6fd8156f159c02efa25ab3e5312500e63e?cid=b8d3901151d34489a160e3cf0ab1fa94,Sure Things,FALSE,139866,8,0.385,0.399,3,-9.812,1,0.0279,0.0871,6.89e-4,0.0827,0.346,87.819,4,http://www.billboard.com/charts/hot-100/1961-03-18,3/18/1961,83,The Very Thought Of You,Little Willie John,1,93,83,2,rock,1961-03-18,1961,3,blues,2,83,1961,2,83,Little Willie John,The Very Thought Of You
Drinkin' BoneTracy Byrd,Tracy Byrd,Drinkin' Bone,"['contemporary country', 'country', 'country road', 'country rock', 'redneck']",7BB3emVX0QaFVddCHiO9wt,https://p.scdn.co/mp3-preview/527dad0441d65aa975ed390fa0632c976649828f?cid=b8d3901151d34489a160e3cf0ab1fa94,The Truth About Men,FALSE,131866,61,0.77,0.833,5,-4.536,1,0.028,0.0793,0,0.0819,0.964,109.928,4,http://www.billboard.com/charts/hot-100/2004-03-06,3/6/2004,98,Drinkin' Bone,Tracy Byrd,1,95,60,15,rock,2004-03-06,2004,3,country rock,15,60,2004,15,60,Tracy Byrd,Drinkin' Bone
Mind ReaderDustin Lynch,Dustin Lynch,Mind Reader,"['contemporary country', 'country', 'country road', 'modern country rock']",2MNapHbu7QASoukvVVIxyr,https://p.scdn.co/mp3-preview/88733941872e6eeaeee8e054d34f0431154f4302?cid=b8d3901151d34489a160e3cf0ab1fa94,Where It's At,FALSE,185413,60,0.394,0.8,4,-4.17,0,0.0413,0.0266,0,0.184,0.525,162.053,4,http://www.billboard.com/charts/hot-100/2016-05-28,5/28/2016,58,Mind Reader,Dustin Lynch,1,78,58,12,rock,2016-05-28,2016,5,country rock,12,58,2016,12,58,Dustin Lynch,Mind Reader
Did It In A MinuteDaryl Hall John Oates,Daryl Hall John Oates,Did It In A Minute,"['album rock', 'classic rock', 'mellow gold', 'rock', 'soft rock', 'yacht rock']",6hHf43J8jIXM0q9DOZCYmp,https://p.scdn.co/mp3-preview/7a3c059a105f762d8d99f7b0cf1c71fe53be1c6c?cid=b8d3901151d34489a160e3cf0ab1fa94,The Very Best of Daryl Hall / John Oates,FALSE,218093,37,0.767,0.633,7,-10.06,1,0.0314,0.204,2.66e-6,0.198,0.921,132.253,4,http://www.billboard.com/charts/hot-100/1982-05-22,5/22/1982,9,Did It In A Minute,Daryl Hall John Oates,1,10,9,10,rock,1982-05-22,1982,5,classic,10,9,1982,10,9,Daryl Hall John Oates,Did It In A Minute
ParalyzerFinger Eleven,Finger Eleven,Paralyzer,"['alternative metal', 'canadian rock', 'funk metal', 'nu metal', 'post-grunge', 'rap rock', 'wrestling']",28IEbk5a7twNTbUEvWslUb,NA,Them Vs. You Vs. Me (Deluxe Edition),FALSE,208106,70,0.645,0.941,4,-3.425,0,0.0448,0.169,0,0.251,0.881,106.015,4,http://www.billboard.com/charts/hot-100/2008-02-16,2/16/2008,19,Paralyzer,Finger Eleven,1,12,6,35,rock,2008-02-16,2008,2,metal,35,6,2008,35,6,Finger Eleven,Paralyzer
Something To Be Proud OfMontgomery Gentry,Montgomery Gentry,Something To Be Proud Of,"['contemporary country', 'country', 'country road', 'country rock', 'modern country rock', 'redneck']",4D8uIY6Wzj7dJDaw0dW0UF,https://p.scdn.co/mp3-preview/5fb34fb2a56aa3e0d241b2d101f60f50c9fa8ab8?cid=b8d3901151d34489a160e3cf0ab1fa94,You Do Your Thing,FALSE,256600,63,0.645,0.693,0,-6.481,1,0.0344,0.0811,1.22e-5,0.175,0.553,97.555,4,http://www.billboard.com/charts/hot-100/2005-10-29,10/29/2005,58,Something To Be Proud Of,Montgomery Gentry,1,52,41,13,rock,2005-10-29,2005,10,country rock,13,41,2005,13,41,Montgomery Gentry,Something To Be Proud Of
FriendsJohn Michael Montgomery,John Michael Montgomery,Friends,"['contemporary country', 'country', 'country road', 'country rock']",3cllg2r81NdWYVTNWbQKqQ,https://p.scdn.co/mp3-preview/88d1c059652d472dff362ca62d4fa5fa5f2aad61?cid=b8d3901151d34489a160e3cf0ab1fa94,90s Country Hits,FALSE,234000,27,0.62,0.401,9,-10.279,1,0.0288,0.23,0,0.0745,0.238,143.961,4,http://www.billboard.com/charts/hot-100/1997-01-04,1/4/1997,79,Friends,John Michael Montgomery,1,89,79,2,rock,1997-01-04,1997,1,country rock,2,79,1997,2,79,John Michael Montgomery,Friends
Your Smiling FaceJames Taylor,James Taylor,Your Smiling Face,"['adult standards', 'folk', 'folk rock', 'mellow gold', 'rock', 'roots rock', 'singer-songwriter', 'soft rock']",1Q34tAtTWI6RdW1qzFQiPb,https://p.scdn.co/mp3-preview/73345f373382a094c02c242301e985e2600503bb?cid=b8d3901151d34489a160e3cf0ab1fa94,JT,FALSE,165400,61,0.683,0.515,1,-10.932,1,0.0592,0.137,6.66e-6,0.0816,0.767,88.827,4,http://www.billboard.com/charts/hot-100/1977-12-03,12/3/1977,23,Your Smiling Face,James Taylor,1,25,23,10,rock,1977-12-03,1977,12,soft rock,10,23,1977,10,23,James Taylor,Your Smiling Face
Every Time I Think Of YouThe Babys,The Babys,Every Time I Think Of You,"['album rock', 'classic rock', 'hard rock', 'mellow gold', 'rock', 'soft rock']",76fFzThA0KjAea2BdVlHnD,https://p.scdn.co/mp3-preview/22bf597dbf18c3ecd0eb73da15989d0af4775ad9?cid=b8d3901151d34489a160e3cf0ab1fa94,Head First,FALSE,239160,48,0.395,0.641,7,-5.96,1,0.0353,0.188,7.1e-5,0.145,0.421,121.451,4,http://www.billboard.com/charts/hot-100/1979-01-06,1/6/1979,80,Every Time I Think Of You,The Babys,1,NA,80,1,rock,1979-01-06,1979,1,hard,1,80,1979,1,80,The Babys,Every Time I Think Of You
"When You're Hot, You're HotJerry Reed",Jerry Reed,"When You're Hot, You're Hot","['comic', 'country', 'country rock']",6sykijVtS1m8vxLnkKXrJ5,https://p.scdn.co/mp3-preview/681c7c16a905a20f375d9e95ebbd763aa68fb011?cid=b8d3901151d34489a160e3cf0ab1fa94,The Essential Jerry Reed,FALSE,139560,47,0.788,0.832,4,-10.783,1,0.0981,0.354,0,0.1,0.91,101.045,4,http://www.billboard.com/charts/hot-100/1971-05-29,5/29/1971,32,"When You're Hot, You're Hot",Jerry Reed,1,42,32,4,rock,1971-05-29,1971,5,country rock,4,32,1971,4,32,Jerry Reed,"When You're Hot, You're Hot"
Must Have Been CrazyChicago,Chicago,Must Have Been Crazy,"['adult standards', 'album rock', 'classic rock', 'folk rock', 'mellow gold', 'rock', 'soft rock', 'yacht rock']",2sVoh3FipbOHLRoikvBSdh,https://p.scdn.co/mp3-preview/0bac95ef3b109d0616c278e373d33e0aadfc083c?cid=b8d3901151d34489a160e3cf0ab1fa94,Chicago 13 (Expanded & Remastered),FALSE,205600,12,0.592,0.872,5,-4.717,1,0.0324,0.153,0.0438,0.403,0.883,106.038,4,http://www.billboard.com/charts/hot-100/1979-09-29,9/29/1979,91,Must Have Been Crazy,Chicago,1,91,83,5,rock,1979-09-29,1979,9,classic,5,83,1979,5,83,Chicago,Must Have Been Crazy
Slippery When WetCommodores,Commodores,Slippery When Wet,"['adult standards', 'classic soul', 'disco', 'funk', 'mellow gold', 'motown', 'quiet storm', 'soft rock', 'soul']",6Pb0WHqmmTL308Z2uQrNP1,NA,The Commodores: The Definitive Collection,FALSE,197093,42,0.732,0.877,2,-7.002,1,0.107,0.0448,1.7e-5,0.0994,0.931,102.223,4,http://www.billboard.com/charts/hot-100/1975-08-16,8/16/1975,56,Slippery When Wet,Commodores,1,19,19,15,rock,1975-08-16,1975,8,classic,15,19,1975,15,19,Commodores,Slippery When Wet
My HometownBruce Springsteen,Bruce Springsteen,My Hometown,"['heartland rock', 'mellow gold', 'permanent wave', 'rock', 'singer-songwriter']",6dahFmHrgncgVJjsI1ws7e,https://p.scdn.co/mp3-preview/17fa95b1743a32cd50f3ac9760c4329b55861877?cid=b8d3901151d34489a160e3cf0ab1fa94,Born In The U.S.A.,FALSE,279666,59,0.652,0.338,9,-11.58,1,0.0367,0.486,5.9e-5,0.0744,0.392,116.881,4,http://www.billboard.com/charts/hot-100/1986-02-01,2/1/1986,6,My Hometown,Bruce Springsteen,1,6,6,9,rock,1986-02-01,1986,2,permanent wave,9,6,1986,9,6,Bruce Springsteen,My Hometown
Home To YouJohn Michael Montgomery,John Michael Montgomery,Home To You,"['contemporary country', 'country', 'country road', 'country rock']",7qNHVajTi58llklLm4dMeA,https://p.scdn.co/mp3-preview/cf510060e71fc56f3f4ed3260d0db8c13b7cb42d?cid=b8d3901151d34489a160e3cf0ab1fa94,Love Songs,FALSE,209066,30,0.646,0.366,5,-11.183,1,0.0233,0.582,2.28e-4,0.128,0.272,90.338,4,http://www.billboard.com/charts/hot-100/1999-10-30,10/30/1999,53,Home To You,John Michael Montgomery,1,57,53,5,rock,1999-10-30,1999,10,country rock,5,53,1999,5,53,John Michael Montgomery,Home To You
I Don't Want A LoverTexas,Texas,I Don't Want A Lover,"['country', 'country road', 'country rock']",000u1dTg7y1XCDXi80hbBX,NA,Southside,FALSE,300600,58,0.763,0.44,7,-13.11,1,0.0388,0.181,4.57e-4,0.114,0.421,120.492,4,http://www.billboard.com/charts/hot-100/1989-10-14,10/14/1989,100,I Don't Want A Lover,Texas,1,88,77,6,rock,1989-10-14,1989,10,country rock,6,77,1989,6,77,Texas,I Don't Want A Lover
Love At First SightStyx,Styx,Love At First Sight,"['album rock', 'art rock', 'classic rock', 'folk rock', 'hard rock', 'mellow gold', 'progressive rock', 'rock', 'soft rock', 'symphonic rock']",1kwvV2LoPN0S7d66WeyTdY,NA,Edge Of The Century,FALSE,276440,22,0.624,0.6,10,-8.646,1,0.0307,0.314,0,0.089,0.576,115.849,4,http://www.billboard.com/charts/hot-100/1991-07-20,7/20/1991,97,Love At First Sight,Styx,1,78,25,16,rock,1991-07-20,1991,7,hard,16,25,1991,16,25,Styx,Love At First Sight
King Of PainThe Police,The Police,King Of Pain,"['album rock', 'art rock', 'classic rock', 'dance rock', 'mellow gold', 'new wave', 'permanent wave', 'rock', 'soft rock']",1V15l05snHYHYVxerjMFGo,NA,Synchronicity (Remastered 2003),FALSE,299040,59,0.518,0.725,2,-8.854,1,0.0338,0.389,1.92e-4,0.0671,0.646,124.151,4,http://www.billboard.com/charts/hot-100/1983-12-10,12/10/1983,99,King Of Pain,The Police,1,74,3,16,rock,1983-12-10,1983,12,classic,16,3,1983,16,3,The Police,King Of Pain
RosannaToto,Toto,Rosanna,"['album rock', 'mellow gold', 'rock', 'soft rock', 'yacht rock']",37BTh5g05cxBIRYMbw8g2T,https://p.scdn.co/mp3-preview/3403638ffd1eb774d3e65483d88eab699c97c5e2?cid=b8d3901151d34489a160e3cf0ab1fa94,Toto IV,FALSE,331200,71,0.384,0.512,7,-13.035,0,0.0358,0.0213,1.39e-4,0.205,0.739,78.442,4,http://www.billboard.com/charts/hot-100/1982-07-17,7/17/1982,2,Rosanna,Toto,1,2,2,14,rock,1982-07-17,1982,7,soft rock,14,2,1982,14,2,Toto,Rosanna
Pickin' WildflowersKeith Anderson,Keith Anderson,Pickin' Wildflowers,"['contemporary country', 'country', 'country road', 'modern country rock', 'oklahoma country', 'redneck']",2GgIDaPLsowybB3WgxLWUj,https://p.scdn.co/mp3-preview/469f1a970a907ab6a1269016941446ee9e1f4e29?cid=b8d3901151d34489a160e3cf0ab1fa94,Three Chord Country and American Rock & Roll,FALSE,185920,63,0.561,0.716,8,-3.341,1,0.0291,0.0353,0,0.122,0.667,152.089,4,http://www.billboard.com/charts/hot-100/2005-07-23,7/23/2005,65,Pickin' Wildflowers,Keith Anderson,1,64,64,8,rock,2005-07-23,2005,7,country rock,8,64,2005,8,64,Keith Anderson,Pickin' Wildflowers
Shut Up And Kiss MeMary Chapin Carpenter,Mary Chapin Carpenter,Shut Up And Kiss Me,"['country', 'country rock', 'folk', 'folk rock', 'lilith', 'mellow gold']",5eBbZPQgmEOrw8auY112lV,https://p.scdn.co/mp3-preview/ff8a9230c2547707ff5d0bf349fed832f11dc189?cid=b8d3901151d34489a160e3cf0ab1fa94,Playlist: The Very Best Of Mary Chapin Carpenter,FALSE,220573,41,0.778,0.75,9,-5.052,1,0.0417,0.571,1.01e-4,0.121,0.961,119.932,4,http://www.billboard.com/charts/hot-100/1994-11-05,11/5/1994,90,Shut Up And Kiss Me,Mary Chapin Carpenter,1,93,90,2,rock,1994-11-05,1994,11,country rock,2,90,1994,2,90,Mary Chapin Carpenter,Shut Up And Kiss Me
Dance Into The LightPhil Collins,Phil Collins,Dance Into The Light,"['mellow gold', 'soft rock']",6JRBGmf5T7QjFQPWTwBdbs,https://p.scdn.co/mp3-preview/f87adda63418607690a60a16c1e520999f5d211e?cid=b8d3901151d34489a160e3cf0ab1fa94,Dance Into The Light (Deluxe Edition),FALSE,264826,51,0.612,0.84,7,-5.342,1,0.0422,0.0252,0.00262,0.042,0.907,87.862,3,http://www.billboard.com/charts/hot-100/1997-02-08,2/8/1997,99,Dance Into The Light,Phil Collins,1,98,45,16,rock,1997-02-08,1997,2,soft rock,16,45,1997,16,45,Phil Collins,Dance Into The Light
I'll Be Over YouToto,Toto,I'll Be Over You,"['album rock', 'mellow gold', 'rock', 'soft rock', 'yacht rock']",1WeoeHh0TSzsApyJ6Q8OOK,https://p.scdn.co/mp3-preview/e803d36d780058c2aea804ae04d8941b2d2b2de3?cid=b8d3901151d34489a160e3cf0ab1fa94,Fahrenheit,FALSE,229880,69,0.516,0.277,10,-17.85,1,0.0256,0.062,0,0.258,0.412,82.168,4,http://www.billboard.com/charts/hot-100/1986-08-30,8/30/1986,87,I'll Be Over You,Toto,1,NA,87,1,rock,1986-08-30,1986,8,soft rock,1,87,1986,1,87,Toto,I'll Be Over You
Even If It Breaks Your HeartEli Young Band,Eli Young Band,Even If It Breaks Your Heart,"['contemporary country', 'country', 'country road', 'heartland rock', 'modern country rock', 'texas country']",0Nu9WA8kEbBWEsay2s8Q0U,NA,Life At Best,FALSE,220520,66,0.667,0.527,0,-4.6,1,0.0277,1.59e-4,0.0117,0.0969,0.664,104.032,4,http://www.billboard.com/charts/hot-100/2012-03-31,3/31/2012,91,Even If It Breaks Your Heart,Eli Young Band,1,NA,91,1,rock,2012-03-31,2012,3,country rock,1,91,2012,1,91,Eli Young Band,Even If It Breaks Your Heart
Knee DeepZac Brown Band Featuring Jimmy Buffett,Zac Brown Band Featuring Jimmy Buffett,Knee Deep,"['contemporary country', 'country', 'country road', 'modern country rock']",1yEwEiTpsaPhQi9lb5EVV4,https://p.scdn.co/mp3-preview/f6e8c491a6b3c9fe1de5fb1aefa7f1c3c297cfab?cid=b8d3901151d34489a160e3cf0ab1fa94,You Get What You Give (Deluxe),FALSE,203173,70,0.715,0.584,8,-8.231,1,0.0296,0.432,1.41e-6,0.095,0.61,90.987,4,http://www.billboard.com/charts/hot-100/2011-10-08,10/8/2011,62,Knee Deep,Zac Brown Band Featuring Jimmy Buffett,1,54,18,20,rock,2011-10-08,2011,10,country rock,20,18,2011,20,18,Zac Brown Band Featuring Jimmy Buffett,Knee Deep
You're The Only Woman (You & I)Ambrosia,Ambrosia,You're The Only Woman (You & I),"['adult standards', 'album rock', 'art rock', 'classic rock', 'country rock', 'folk rock', 'mellow gold', 'soft rock', 'symphonic rock', 'yacht rock']",11qmuUlW5q5diLiVSOlsSF,https://p.scdn.co/mp3-preview/c8ffa80fb4fe60dec5fd3beb455a0f4f86ef6f34?cid=b8d3901151d34489a160e3cf0ab1fa94,One Eighty,FALSE,262906,51,0.738,0.516,8,-8.861,0,0.026,0.0899,0,0.0666,0.869,104.925,4,http://www.billboard.com/charts/hot-100/1980-11-08,11/8/1980,100,You're The Only Woman (You & I),Ambrosia,1,92,13,18,rock,1980-11-08,1980,11,classic,18,13,1980,18,13,Ambrosia,You're The Only Woman (You & I)
Last Night On EarthU2,U2,Last Night On Earth,"['irish rock', 'permanent wave', 'rock']",19Sbxm5YTEFwpCYMxrw1gz,NA,Pop,FALSE,285666,38,0.552,0.696,1,-8.374,1,0.0324,0.00661,0.00104,0.0721,0.52,116.175,4,http://www.billboard.com/charts/hot-100/1997-08-23,8/23/1997,73,Last Night On Earth,U2,1,69,57,6,rock,1997-08-23,1997,8,permanent wave,6,57,1997,6,57,U2,Last Night On Earth
Who Are YouThe Who,The Who,Who Are You,"['album rock', 'art rock', 'british invasion', 'classic rock', 'folk rock', 'hard rock', 'mellow gold', 'protopunk', 'rock', 'roots rock']",23IJ5wLRhEZ9DOuia5mPiZ,NA,Who Are You,FALSE,381626,71,0.651,0.648,9,-11.409,1,0.0501,0.262,0.0042,0.0655,0.49,156.372,4,http://www.billboard.com/charts/hot-100/1978-11-04,11/4/1978,14,Who Are You,The Who,1,16,14,11,rock,1978-11-04,1978,11,british,11,14,1978,11,14,The Who,Who Are You
Cowboys And AngelsDustin Lynch,Dustin Lynch,Cowboys And Angels,"['contemporary country', 'country', 'country road', 'modern country rock']",5ksoJlQJtduEkwQTo7UN7X,https://p.scdn.co/mp3-preview/de91648badc23221736544ba0e0ae43033598440?cid=b8d3901151d34489a160e3cf0ab1fa94,Dustin Lynch,FALSE,227720,61,0.355,0.55,10,-5.772,1,0.0285,0.245,3.2e-5,0.0979,0.26,73.842,4,http://www.billboard.com/charts/hot-100/2012-06-23,6/23/2012,86,Cowboys And Angels,Dustin Lynch,1,91,86,4,rock,2012-06-23,2012,6,country rock,4,86,2012,4,86,Dustin Lynch,Cowboys And Angels
Crazy MamaJ.J. Cale,J.J. Cale,Crazy Mama,"['blues', 'blues rock', 'classic rock', 'folk rock', 'mellow gold', 'modern blues', 'rock', 'roots rock']",7FgjfoVQ6Wn1Nm53N5Upn8,NA,Naturally,FALSE,142866,48,0.818,0.0839,11,-19.288,1,0.0425,0.71,0.128,0.0907,0.505,96.211,4,http://www.billboard.com/charts/hot-100/1972-04-15,4/15/1972,22,Crazy Mama,J.J. Cale,1,22,22,12,rock,1972-04-15,1972,4,blues,12,22,1972,12,22,J.J. Cale,Crazy Mama
Mr. BrightsideThe Killers,The Killers,Mr. Brightside,"['modern rock', 'permanent wave', 'rock']",7oK9VyNzrYvRFo7nQEYkWN,NA,Hot Fuss,FALSE,222586,78,0.33,0.936,1,-3.66,1,0.0917,0.00108,0,0.0926,0.234,148.112,4,http://www.billboard.com/charts/hot-100/2005-04-30,4/30/2005,11,Mr. Brightside,The Killers,1,16,11,12,rock,2005-04-30,2005,4,permanent wave,12,11,2005,12,11,The Killers,Mr. Brightside
"Mama, I'm Coming HomeOzzy Osbourne",Ozzy Osbourne,"Mama, I'm Coming Home","['album rock', 'birmingham metal', 'classic rock', 'hard rock', 'metal', 'rock']",0S3gpZzlT9Hb7CCSV2owX7,https://p.scdn.co/mp3-preview/30222e11e6be0d1a8e26ae570fda5dd993a7fd6b?cid=b8d3901151d34489a160e3cf0ab1fa94,No More Tears (Expanded Edition),FALSE,251866,70,0.282,0.656,8,-6.557,1,0.0302,0.0105,0,0.0892,0.242,139.352,4,http://www.billboard.com/charts/hot-100/1992-04-25,4/25/1992,33,"Mama, I'm Coming Home",Ozzy Osbourne,1,28,28,11,rock,1992-04-25,1992,4,metal,11,28,1992,11,28,Ozzy Osbourne,"Mama, I'm Coming Home"
All I Want To DoSugarland,Sugarland,All I Want To Do,"['contemporary country', 'country', 'country dawn', 'country road', 'modern country rock']",1mJ05BN0So26a14iib85aI,NA,Love On The Inside,FALSE,213360,55,0.705,0.71,9,-4.894,1,0.0675,0.245,1.69e-5,0.154,0.735,97.031,4,http://www.billboard.com/charts/hot-100/2008-09-13,9/13/2008,58,All I Want To Do,Sugarland,1,50,18,11,rock,2008-09-13,2008,9,country rock,11,18,2008,11,18,Sugarland,All I Want To Do
Smokin' In The Boys RoomMotley Crue,Motley Crue,Smokin' In The Boys Room,"['glam metal', 'hard rock', 'metal', 'rock', 'sleaze rock']",0TiRPD1YD6Ox3bUujwXCQa,https://p.scdn.co/mp3-preview/58bffe5d555234c241e2afb80c2f616023ae2bcd?cid=b8d3901151d34489a160e3cf0ab1fa94,Theatre of Pain,FALSE,208400,59,0.391,0.938,2,-4.86,1,0.0786,0.00175,1.09e-6,0.247,0.652,134.691,4,http://www.billboard.com/charts/hot-100/1985-08-17,8/17/1985,26,Smokin' In The Boys Room,Motley Crue,1,33,26,6,rock,1985-08-17,1985,8,metal,6,26,1985,6,26,Motley Crue,Smokin' In The Boys Room
Shot Of PoisonLita Ford,Lita Ford,Shot Of Poison,"['album rock', 'glam metal', 'hard rock', 'rock', 'sleaze rock']",7fG4AeCFHXxeXnAXfkmiFk,https://p.scdn.co/mp3-preview/b50520db7366ddd4d294afcd62fc1c4c310dbd36?cid=b8d3901151d34489a160e3cf0ab1fa94,Dangerous Curves,FALSE,210733,32,0.578,0.855,5,-8.057,1,0.0414,0.0388,5.56e-6,0.345,0.732,126.264,4,http://www.billboard.com/charts/hot-100/1992-01-18,1/18/1992,72,Shot Of Poison,Lita Ford,1,64,45,12,rock,1992-01-18,1992,1,metal,12,45,1992,12,45,Lita Ford,Shot Of Poison
Love Like CrazyLee Brice,Lee Brice,Love Like Crazy,"['contemporary country', 'country', 'country road', 'modern country rock']",6Ozp6ac86CSHMik8lbvJuM,https://p.scdn.co/mp3-preview/58f45ee6f3dc915b139423dd4f75fb65a640a91c?cid=b8d3901151d34489a160e3cf0ab1fa94,Love Like Crazy,FALSE,217386,62,0.535,0.725,10,-5.108,1,0.0275,0.0203,1.45e-5,0.176,0.292,78.489,4,http://www.billboard.com/charts/hot-100/2010-06-12,6/12/2010,77,Love Like Crazy,Lee Brice,1,87,77,4,rock,2010-06-12,2010,6,country rock,4,77,2010,4,77,Lee Brice,Love Like Crazy
The Quittin' KindJoe Diffie,Joe Diffie,The Quittin' Kind,"['country', 'country road', 'country rock', 'oklahoma country', 'redneck']",4u6U5nwYHok67BBymI9ldh,https://p.scdn.co/mp3-preview/3bf23749be42a578a94d114bd6c2200079c5d770?cid=b8d3901151d34489a160e3cf0ab1fa94,A Night To Remember,FALSE,207466,11,0.595,0.904,7,-4.803,1,0.0355,0.03,4.43e-5,0.397,0.6,102.002,4,http://www.billboard.com/charts/hot-100/2000-02-05,2/5/2000,94,The Quittin' Kind,Joe Diffie,1,93,90,6,rock,2000-02-05,2000,2,country rock,6,90,2000,6,90,Joe Diffie,The Quittin' Kind
In ColorJamey Johnson,Jamey Johnson,In Color,"['contemporary country', 'country', 'country road', 'country rock', 'modern country rock', 'outlaw country', 'redneck']",7CNd7rjfVt74TFlcOcnZgN,NA,That Lonesome Song,FALSE,290680,69,0.544,0.404,3,-8.751,1,0.0354,0.391,3.98e-6,0.157,0.251,129.518,4,http://www.billboard.com/charts/hot-100/2008-11-15,11/15/2008,74,In Color,Jamey Johnson,1,81,74,5,rock,2008-11-15,2008,11,country rock,5,74,2008,5,74,Jamey Johnson,In Color
"Shakedown (From ""Beverly Hills Cop II"")Bob Seger",Bob Seger,"Shakedown (From ""Beverly Hills Cop II"")","['album rock', 'classic rock', 'folk rock', 'hard rock', 'heartland rock', 'mellow gold', 'rock', 'soft rock']",NA,NA,NA,NA,NA,NA,NA,NA,NA,NA,NA,NA,NA,NA,NA,NA,NA,NA,http://www.billboard.com/charts/hot-100/1987-06-06,6/6/1987,31,"Shakedown (From ""Beverly Hills Cop II"")",Bob Seger,1,35,31,3,rock,1987-06-06,1987,6,hard,3,31,1987,3,31,Bob Seger,"Shakedown (From ""Beverly Hills Cop II"")"
She's Always A WomanBilly Joel,Billy Joel,She's Always A Woman,"['album rock', 'classic rock', 'folk rock', 'mellow gold', 'piano rock', 'rock', 'singer-songwriter', 'soft rock']",5RgFlk1fcClZd0Y4SGYhqH,https://p.scdn.co/mp3-preview/3bb1828418f2d6a4c039139b46812ceb4d1d75fe?cid=b8d3901151d34489a160e3cf0ab1fa94,The Stranger (Legacy Edition),FALSE,201373,72,0.292,0.324,3,-11.996,1,0.0346,0.797,4.73e-4,0.12,0.384,176.631,3,http://www.billboard.com/charts/hot-100/1978-09-09,9/9/1978,35,She's Always A Woman,Billy Joel,1,45,35,5,rock,1978-09-09,1978,9,classic,5,35,1978,5,35,Billy Joel,She's Always A Woman
Watch Closely NowKris Kristofferson,Kris Kristofferson,Watch Closely Now,"['country rock', 'folk', 'folk rock', 'mellow gold', 'outlaw country', 'roots rock', 'singer-songwriter', 'traditional folk']",NA,NA,NA,NA,NA,NA,NA,NA,NA,NA,NA,NA,NA,NA,NA,NA,NA,NA,http://www.billboard.com/charts/hot-100/1977-05-21,5/21/1977,87,Watch Closely Now,Kris Kristofferson,1,NA,87,1,rock,1977-05-21,1977,5,country rock,1,87,1977,1,87,Kris Kristofferson,Watch Closely Now
Take The TimeMichael Stanley Band,Michael Stanley Band,Take The Time,"['album rock', 'classic rock', 'heartland rock', 'mellow gold', 'soft rock']",00drgzklCYUPHnEDRi7ROJ,https://p.scdn.co/mp3-preview/cc2174e15c8513e20c9410ae43183a3affccb2ec?cid=b8d3901151d34489a160e3cf0ab1fa94,MSB (Remastered),FALSE,333560,12,0.49,0.719,9,-7.87,1,0.0355,0.0961,1.75e-4,0.12,0.864,181.448,4,http://www.billboard.com/charts/hot-100/1983-01-08,1/8/1983,81,Take The Time,Michael Stanley Band,1,89,81,3,rock,1983-01-08,1983,1,classic,3,81,1983,3,81,Michael Stanley Band,Take The Time
Crying On A SuitcaseCasey James,Casey James,Crying On A Suitcase,"['idol', 'modern country rock']",020b0QxseQbcMTPKV49qRm,https://p.scdn.co/mp3-preview/b939299eae2233c2417557135316c84b50183465?cid=b8d3901151d34489a160e3cf0ab1fa94,Casey James,FALSE,221386,42,0.402,0.7,4,-4.613,1,0.0348,0.147,0,0.0992,0.496,198.972,4,http://www.billboard.com/charts/hot-100/2013-03-02,3/2/2013,98,Crying On A Suitcase,Casey James,1,91,88,9,rock,2013-03-02,2013,3,country rock,9,88,2013,9,88,Casey James,Crying On A Suitcase
Maria MariaSantana Featuring The Product G&B,Santana Featuring The Product G&B,Maria Maria,"['blues rock', 'classic rock']",3XKIUb7HzIF1Vu9usunMzc,https://p.scdn.co/mp3-preview/022291c2e79340690b8e8dfd1c6084410fb5aa94?cid=b8d3901151d34489a160e3cf0ab1fa94,Supernatural (Remastered),FALSE,261973,68,0.777,0.601,2,-5.931,1,0.126,0.0406,0.00201,0.0348,0.68,97.911,4,http://www.billboard.com/charts/hot-100/2000-07-15,7/15/2000,26,Maria Maria,Santana Featuring The Product G&B,1,21,1,23,rock,2000-07-15,2000,7,blues,23,1,2000,23,1,Santana Featuring The Product G&B,Maria Maria
Sharp Dressed ManZZ Top,ZZ Top,Sharp Dressed Man,"['album rock', 'blues rock', 'classic rock', 'hard rock', 'metal', 'rock']",1UBQ5GK8JaQjm5VbkBZY66,https://p.scdn.co/mp3-preview/5be9776759c263721e1f75d03a12cc033a15fd99?cid=b8d3901151d34489a160e3cf0ab1fa94,Eliminator,FALSE,258026,74,0.601,0.859,5,-5.263,1,0.0276,3.59e-4,0.00124,0.0871,0.446,125.145,4,http://www.billboard.com/charts/hot-100/1983-07-30,7/30/1983,70,Sharp Dressed Man,ZZ Top,1,80,70,2,rock,1983-07-30,1983,7,blues,2,70,1983,2,70,ZZ Top,Sharp Dressed Man
The Spirit Of RadioRush,Rush,The Spirit Of Radio,"['album rock', 'art rock', 'canadian metal', 'classic canadian rock', 'classic rock', 'hard rock', 'metal', 'progressive rock', 'rock']",4e9hUiLsN4mx61ARosFi7p,NA,Permanent Waves,FALSE,296466,64,0.365,0.924,4,-7.066,1,0.0488,0.0144,2.54e-4,0.423,0.632,135.811,4,http://www.billboard.com/charts/hot-100/1980-03-29,3/29/1980,51,The Spirit Of Radio,Rush,1,54,51,6,rock,1980-03-29,1980,3,metal,6,51,1980,6,51,Rush,The Spirit Of Radio
God Bless The USALee Greenwood,Lee Greenwood,God Bless The USA,"['country', 'country rock']",1MnebCPkLm11EGCnrusLPu,https://p.scdn.co/mp3-preview/602840b7a54d4f9c41cd101df90b2dbb83cb1130?cid=b8d3901151d34489a160e3cf0ab1fa94,Best Of Lee Greenwood / God Bless The USA,FALSE,196933,46,0.368,0.45,5,-7.121,1,0.0276,0.156,0,0.107,0.184,139.217,4,http://www.billboard.com/charts/hot-100/2001-10-27,10/27/2001,84,God Bless The USA,Lee Greenwood,1,84,16,5,rock,2001-10-27,2001,10,country rock,5,16,2001,5,16,Lee Greenwood,God Bless The USA
I Was Only JokingRod Stewart,Rod Stewart,I Was Only Joking,"['adult standards', 'mellow gold', 'soft rock']",6tUkfUpdIx14aSoKkTxrfa,https://p.scdn.co/mp3-preview/45702c76ce9b29c96b814b53b4e874fc07ed9224?cid=b8d3901151d34489a160e3cf0ab1fa94,Foot Loose & Fancy Free,FALSE,367400,50,0.68,0.462,10,-9.289,1,0.0336,0.583,3.3e-5,0.096,0.415,106.2,4,http://www.billboard.com/charts/hot-100/1978-07-08,7/8/1978,52,I Was Only Joking,Rod Stewart,1,22,22,11,rock,1978-07-08,1978,7,soft rock,11,22,1978,11,22,Rod Stewart,I Was Only Joking
Mother FreedomBread,Bread,Mother Freedom,"['adult standards', 'country rock', 'folk', 'folk rock', 'mellow gold', 'soft rock']",6xWK7NpSgWRK9dxBoHziNQ,https://p.scdn.co/mp3-preview/f82510d69e2c903460ead93a268f58f28b91e038?cid=b8d3901151d34489a160e3cf0ab1fa94,The Best of Bread,FALSE,155533,35,0.453,0.747,0,-10.895,1,0.0481,0.46,0.0133,0.236,0.676,169.211,4,http://www.billboard.com/charts/hot-100/1971-08-21,8/21/1971,37,Mother Freedom,Bread,1,39,37,6,rock,1971-08-21,1971,8,country rock,6,37,1971,6,37,Bread,Mother Freedom
Theme From The Dukes Of Hazzard (Good Ol' Boys)Waylon,Waylon,Theme From The Dukes Of Hazzard (Good Ol' Boys),"['country', 'country rock', 'outlaw country', 'texas country']",7xRind9RPsvGHWR0qbGmfE,https://p.scdn.co/mp3-preview/b46cb384b5d546f3a6f1a587e68447233a2d4698?cid=b8d3901151d34489a160e3cf0ab1fa94,The Dukes Of Hazzard,FALSE,126586,54,0.588,0.848,5,-10.999,1,0.0382,0.108,0.128,0.125,0.913,147.565,4,http://www.billboard.com/charts/hot-100/1980-12-20,12/20/1980,21,Theme From The Dukes Of Hazzard (Good Ol' Boys),Waylon,1,21,21,15,rock,1980-12-20,1980,12,country rock,15,21,1980,15,21,Waylon,Theme From The Dukes Of Hazzard (Good Ol' Boys)
Close Enough To PerfectAlabama,Alabama,Close Enough To Perfect,"['country', 'country road', 'country rock']",04u8JJN1TTwFrFkYnLlaPU,https://p.scdn.co/mp3-preview/7e13831562a47277f25444a1aeb68f13803bf5db?cid=b8d3901151d34489a160e3cf0ab1fa94,Livin' Lovin' Rockin' Rollin': The 25th Anniversary Collection,FALSE,212640,38,0.556,0.296,7,-14.622,1,0.0277,0.228,0,0.142,0.441,135.511,4,http://www.billboard.com/charts/hot-100/1982-11-13,11/13/1982,91,Close Enough To Perfect,Alabama,1,92,65,11,rock,1982-11-13,1982,11,country rock,11,65,1982,11,65,Alabama,Close Enough To Perfect
Tip It On BackDierks Bentley,Dierks Bentley,Tip It On Back,"['contemporary country', 'country', 'country road', 'modern country rock']",2G634xynj7ev8r5c0sAL3T,NA,Home,FALSE,206520,50,0.503,0.78,3,-5.148,1,0.0323,0.522,0.16,0.138,0.737,137.936,4,http://www.billboard.com/charts/hot-100/2012-11-17,11/17/2012,99,Tip It On Back,Dierks Bentley,1,NA,99,1,rock,2012-11-17,2012,11,country rock,1,99,2012,1,99,Dierks Bentley,Tip It On Back
Home Sweet HomeMotley Crue,Motley Crue,Home Sweet Home,"['glam metal', 'hard rock', 'metal', 'rock', 'sleaze rock']",4zXvB4MoQD8onk0NCZbeHG,https://p.scdn.co/mp3-preview/a1c6b90fd23e72c1dd9dcc764a3c14448168cf2b?cid=b8d3901151d34489a160e3cf0ab1fa94,Theatre of Pain,FALSE,240933,71,0.403,0.777,5,-6.416,1,0.0354,0.0999,3.28e-6,0.124,0.149,76.329,4,http://www.billboard.com/charts/hot-100/1991-11-16,11/16/1991,60,Home Sweet Home,Motley Crue,2,72,60,8,rock,1991-11-16,1991,11,metal,8,60,1991,8,60,Motley Crue,Home Sweet Home
Save Your LoveGreat White,Great White,Save Your Love,"['album rock', 'classic rock', 'glam metal', 'hard rock', 'metal', 'rock']",28FVfrALlHSChnhD8jq8kd,https://p.scdn.co/mp3-preview/5c5aa84b65463b748c74762d2c7afb34a2f4fd2c?cid=b8d3901151d34489a160e3cf0ab1fa94,Rock Me: The Best Of Great White,FALSE,278693,41,0.443,0.632,4,-6.221,0,0.0305,0.342,8.09e-6,0.157,0.178,111.464,4,http://www.billboard.com/charts/hot-100/1988-02-27,2/27/1988,57,Save Your Love,Great White,1,62,57,6,rock,1988-02-27,1988,2,metal,6,57,1988,6,57,Great White,Save Your Love
Sure Know SomethingKISS,KISS,Sure Know Something,"['album rock', 'classic rock', 'glam rock', 'hard rock', 'metal', 'rock']",1HBDWCrQVjrALiOA5rILnE,NA,Dynasty,FALSE,241506,53,0.707,0.744,4,-6.219,0,0.0304,0.286,1.25e-6,0.115,0.938,115.343,4,http://www.billboard.com/charts/hot-100/1979-10-13,10/13/1979,49,Sure Know Something,KISS,1,50,49,7,rock,1979-10-13,1979,10,metal,7,49,1979,7,49,KISS,Sure Know Something
Miss Me BabyChris Cagle,Chris Cagle,Miss Me Baby,"['contemporary country', 'country', 'country road', 'modern country rock']",4e4vO6bp5nSdP9G79O3qS6,NA,Anywhere But Here,FALSE,234653,43,0.514,0.609,1,-5.034,1,0.0267,0.188,2.5e-6,0.0793,0.362,147.774,4,http://www.billboard.com/charts/hot-100/2005-12-17,12/17/2005,67,Miss Me Baby,Chris Cagle,2,73,67,7,rock,2005-12-17,2005,12,country rock,7,67,2005,7,67,Chris Cagle,Miss Me Baby
Wake Me Up When September EndsGreen Day,Green Day,Wake Me Up When September Ends,"['modern rock', 'permanent wave', 'punk']",3ZffCQKLFLUvYM59XKLbVm,https://p.scdn.co/mp3-preview/a83eedd6b982d4afdc2ceaeb458f471118ad78aa?cid=b8d3901151d34489a160e3cf0ab1fa94,American Idiot,FALSE,285653,78,0.546,0.814,7,-5.146,1,0.0314,0.023,0,0.0972,0.146,104.98,4,http://www.billboard.com/charts/hot-100/2005-12-03,12/3/2005,21,Wake Me Up When September Ends,Green Day,1,16,6,18,rock,2005-12-03,2005,12,permanent wave,18,6,2005,18,6,Green Day,Wake Me Up When September Ends
Why Can't This Be LoveVan Halen,Van Halen,Why Can't This Be Love,"['album rock', 'classic rock', 'hard rock', 'metal', 'rock']",0TaT50ZZxT4ytZxuqkE3A9,https://p.scdn.co/mp3-preview/d9f039eb9addda53dcc15bbbbe24f3c0103c953b?cid=b8d3901151d34489a160e3cf0ab1fa94,5150,FALSE,227693,66,0.531,0.626,0,-13.371,1,0.0452,0.0606,0,0.0767,0.746,88.236,4,http://www.billboard.com/charts/hot-100/1986-06-14,6/14/1986,48,Why Can't This Be Love,Van Halen,1,29,3,14,rock,1986-06-14,1986,6,metal,14,3,1986,14,3,Van Halen,Why Can't This Be Love
"Aw Shucks, Hush Your MouthJimmy Reed",Jimmy Reed,"Aw Shucks, Hush Your Mouth","['blues', 'blues rock', 'chicago blues', 'electric blues', 'harmonica blues', 'rock-and-roll', 'traditional blues']",78Cg7PEJ7zEvhZQUdiGktL,https://p.scdn.co/mp3-preview/230b94f476f81d51327fea5558841d4e24df88fb?cid=b8d3901151d34489a160e3cf0ab1fa94,The Very Best of Jimmy Reed,FALSE,141506,16,0.795,0.333,0,-11.348,1,0.0326,0.914,0.619,0.12,0.763,113.04,4,http://www.billboard.com/charts/hot-100/1962-02-24,2/24/1962,97,"Aw Shucks, Hush Your Mouth",Jimmy Reed,3,NA,97,3,rock,1962-02-24,1962,2,blues,3,97,1962,3,97,Jimmy Reed,"Aw Shucks, Hush Your Mouth"
Shout It Out LoudKISS,KISS,Shout It Out Loud,"['album rock', 'classic rock', 'glam rock', 'hard rock', 'metal', 'rock']",3qyHjQ1zTLvPeA99CP3K9N,NA,Destroyer,FALSE,169026,51,0.566,0.956,8,-4.945,1,0.0649,0.139,5.14e-5,0.385,0.614,135.664,4,http://www.billboard.com/charts/hot-100/1976-05-08,5/8/1976,31,Shout It Out Loud,KISS,1,31,31,8,rock,1976-05-08,1976,5,metal,8,31,1976,8,31,KISS,Shout It Out Loud
You Still Touch MeSting,Sting,You Still Touch Me,"['permanent wave', 'soft rock']",5kFCKt7T3ObVmDZjMKcBSP,NA,Mercury Falling,FALSE,226760,35,0.666,0.577,7,-9.012,1,0.022,0.0543,0,0.0837,0.634,101.283,4,http://www.billboard.com/charts/hot-100/1996-05-18,5/18/1996,89,You Still Touch Me,Sting,1,NA,89,1,rock,1996-05-18,1996,5,permanent wave,1,89,1996,1,89,Sting,You Still Touch Me
LadyStyx,Styx,Lady,"['album rock', 'art rock', 'classic rock', 'folk rock', 'hard rock', 'mellow gold', 'progressive rock', 'rock', 'soft rock', 'symphonic rock']",1wpRglLhQ092N1rftlDMD3,NA,Styx II,FALSE,177680,52,0.395,0.675,7,-6.57,1,0.0387,0.186,0,0.0735,0.323,137.649,4,http://www.billboard.com/charts/hot-100/1975-01-25,1/25/1975,31,Lady,Styx,1,39,31,7,rock,1975-01-25,1975,1,hard,7,31,1975,7,31,Styx,Lady
Do You Feel Like We DoPeter Frampton,Peter Frampton,Do You Feel Like We Do,"['album rock', 'art rock', 'blues rock', 'british blues', 'classic rock', 'country rock', 'folk rock', 'hard rock', 'heartland rock', 'mellow gold', 'rock', 'roots rock', 'soft rock', 'symphonic rock']",3AMFDhgJx5sIYw1ukbiEk4,NA,Greatest Hits,FALSE,834866,52,0.319,0.555,0,-9.392,1,0.028,0.0603,0.00958,0.975,0.396,105.314,4,http://www.billboard.com/charts/hot-100/1976-12-04,12/4/1976,25,Do You Feel Like We Do,Peter Frampton,1,15,10,12,rock,1976-12-04,1976,12,blues,12,10,1976,12,10,Peter Frampton,Do You Feel Like We Do
She Loves YouThe Beatles,The Beatles,She Loves You,"['british invasion', 'merseybeat', 'psychedelic rock', 'rock']",6nEkxYIEnrbYH7h1hJ8Xn6,NA,1 (Remastered),FALSE,140920,69,0.377,0.916,4,-3.199,0,0.0481,0.26,0,0.074,0.912,75.533,4,http://www.billboard.com/charts/hot-100/1964-03-14,3/14/1964,2,She Loves You,The Beatles,1,2,2,8,rock,1964-03-14,1964,3,british,8,2,1964,8,2,The Beatles,She Loves You
The Love SongJeff Bates,Jeff Bates,The Love Song,"['country', 'country road', 'modern country rock']",3Bs3HwoCuS0UxMlSWodb9A,https://p.scdn.co/mp3-preview/6168d09da9b75f96c025caf55af7a9f7055b10cd?cid=b8d3901151d34489a160e3cf0ab1fa94,Rainbow Man,FALSE,245200,35,0.519,0.458,8,-6.433,1,0.0296,0.317,0,0.106,0.362,130.02,4,http://www.billboard.com/charts/hot-100/2003-07-12,7/12/2003,62,The Love Song,Jeff Bates,1,65,62,8,rock,2003-07-12,2003,7,country rock,8,62,2003,8,62,Jeff Bates,The Love Song
Lick It UpKISS,KISS,Lick It Up,"['album rock', 'classic rock', 'glam rock', 'hard rock', 'metal', 'rock']",3cXiUuiGpFmZ8OdAWKk8Ck,NA,Lick It Up,FALSE,236640,64,0.686,0.781,2,-5.906,1,0.0523,0.187,1.9e-5,0.332,0.64,120.191,4,http://www.billboard.com/charts/hot-100/1983-11-26,11/26/1983,77,Lick It Up,KISS,1,82,77,3,rock,1983-11-26,1983,11,metal,3,77,1983,3,77,KISS,Lick It Up
Somebody's Gonna Love YouLee Greenwood,Lee Greenwood,Somebody's Gonna Love You,"['country', 'country rock']",12OfUHapshY5lPelMfGL5z,NA,Somebody's Gonna Love You,FALSE,224373,14,0.521,0.181,7,-22.473,1,0.0356,0.645,0,0.057,0.624,176.337,4,http://www.billboard.com/charts/hot-100/1983-10-08,10/8/1983,96,Somebody's Gonna Love You,Lee Greenwood,1,96,96,2,rock,1983-10-08,1983,10,country rock,2,96,1983,2,96,Lee Greenwood,Somebody's Gonna Love You
Baby GirlSugarland,Sugarland,Baby Girl,"['contemporary country', 'country', 'country dawn', 'country road', 'modern country rock']",6qQIH999KekS3qFWqR5qMO,NA,Baby Girl,FALSE,239693,51,0.436,0.736,1,-3.201,1,0.0333,0.215,0,0.0488,0.583,166.819,4,http://www.billboard.com/charts/hot-100/2004-12-18,12/18/2004,95,Baby Girl,Sugarland,1,99,95,2,rock,2004-12-18,2004,12,country rock,2,95,2004,2,95,Sugarland,Baby Girl
A Rock 'N' Roll FantasyThe Kinks,The Kinks,A Rock 'N' Roll Fantasy,"['album rock', 'art rock', 'british invasion', 'classic rock', 'dance rock', 'folk rock', 'glam rock', 'mellow gold', 'protopunk', 'psychedelic rock', 'rock', 'roots rock']",05RqsEr4euppjIJ8bcvvrR,https://p.scdn.co/mp3-preview/659e45ba28ac78b3e15f3930264a521511152f3d?cid=b8d3901151d34489a160e3cf0ab1fa94,Misfits,FALSE,298746,29,0.475,0.417,5,-12.438,1,0.0344,0.288,0,0.313,0.534,109.096,4,http://www.billboard.com/charts/hot-100/1978-08-19,8/19/1978,37,A Rock 'N' Roll Fantasy,The Kinks,1,45,37,5,rock,1978-08-19,1978,8,british,5,37,1978,5,37,The Kinks,A Rock 'N' Roll Fantasy
"Mama, Weer All Crazee NowQuiet Riot",Quiet Riot,"Mama, Weer All Crazee Now","['album rock', 'classic rock', 'glam metal', 'hard rock', 'metal', 'rock']",2bkpCVvOn2XZGhzA4fPyuZ,https://p.scdn.co/mp3-preview/4fb929ddc9c50892bf029e331468e443e884f7b7?cid=b8d3901151d34489a160e3cf0ab1fa94,Condition Critical,FALSE,216560,48,0.433,0.785,7,-13.527,1,0.0503,0.00726,0.0126,0.0889,0.421,136.484,4,http://www.billboard.com/charts/hot-100/1984-07-21,7/21/1984,69,"Mama, Weer All Crazee Now",Quiet Riot,1,78,69,3,rock,1984-07-21,1984,7,metal,3,69,1984,3,69,Quiet Riot,"Mama, Weer All Crazee Now"
Don't Ask Me WhyBilly Joel,Billy Joel,Don't Ask Me Why,"['album rock', 'classic rock', 'folk rock', 'mellow gold', 'piano rock', 'rock', 'singer-songwriter', 'soft rock']",6g4vHtdGqD5eEgpf7nKISk,https://p.scdn.co/mp3-preview/260dee6296dc376fdbfcb0b14aef0e0fee0b7eec?cid=b8d3901151d34489a160e3cf0ab1fa94,Glass Houses,FALSE,177360,52,0.691,0.726,5,-7.353,1,0.0543,0.138,0,0.11,0.868,98.418,4,http://www.billboard.com/charts/hot-100/1980-10-18,10/18/1980,57,Don't Ask Me Why,Billy Joel,1,35,19,12,rock,1980-10-18,1980,10,classic,12,19,1980,12,19,Billy Joel,Don't Ask Me Why
A Passion Play (Edit #8)Jethro Tull,Jethro Tull,A Passion Play (Edit #8),"['album rock', 'art rock', 'blues rock', 'classic rock', 'hard rock', 'progressive rock', 'psychedelic rock', 'rock', 'symphonic rock']",3vFl8RqdSGRjDFjp08WYkd,https://p.scdn.co/mp3-preview/1f2ba0074afeaba08a98f6b90a90be227ea2e6ae?cid=b8d3901151d34489a160e3cf0ab1fa94,M.U. - The Best of Jethro Tull,FALSE,208213,14,0.425,0.509,5,-10.428,1,0.0459,0.0362,0.0365,0.234,0.771,129.564,4,http://www.billboard.com/charts/hot-100/1973-06-02,6/2/1973,80,A Passion Play (Edit #8),Jethro Tull,1,87,80,3,rock,1973-06-02,1973,6,blues,3,80,1973,3,80,Jethro Tull,A Passion Play (Edit #8)
